This is XeTeX, Version 3.141592653-2.6-0.999997 (TeX Live 2026/dev/Arch Linux) (preloaded format=xelatex 2026.1.17)  1 FEB 2026 23:04
entering extended mode
 restricted \write18 enabled.
 %&-line parsing enabled.
**main.tex
(./main.tex
LaTeX2e <2024-11-01> patch level 2
L3 programming layer <2025-01-18>
(/usr/share/texmf-dist/tex/latex/tufte-latex/tufte-book.cls
Document Class: tufte-book 2015/06/21 v3.5.2 Tufte-book class
(/usr/share/texmf-dist/tex/latex/tufte-latex/tufte-common.def
File: tufte-common.def 2015/06/21 v3.5.2 Common code for the Tufte-LaTeX styles


(/usr/share/texmf-dist/tex/latex/xkeyval/xkeyval.sty
Package: xkeyval 2022/06/16 v2.9 package option processing (HA)

(/usr/share/texmf-dist/tex/generic/xkeyval/xkeyval.tex
(/usr/share/texmf-dist/tex/generic/xkeyval/xkvutils.tex
\XKV@toks=\toks17
\XKV@tempa@toks=\toks18

(/usr/share/texmf-dist/tex/generic/xkeyval/keyval.tex))
\XKV@depth=\count192
File: xkeyval.tex 2014/12/03 v2.7a key=value parser (HA)
))
(/usr/share/texmf-dist/tex/latex/xifthen/xifthen.sty
Package: xifthen 2015/11/05 v1.4.0 Extended ifthen features

(/usr/share/texmf-dist/tex/latex/tools/calc.sty
Package: calc 2023/07/08 v4.3 Infix arithmetic (KKT,FJ)
\calc@Acount=\count193
\calc@Bcount=\count194
\calc@Adimen=\dimen141
\calc@Bdimen=\dimen142
\calc@Askip=\skip49
\calc@Bskip=\skip50
LaTeX Info: Redefining \setlength on input line 80.
LaTeX Info: Redefining \addtolength on input line 81.
\calc@Ccount=\count195
\calc@Cskip=\skip51
)
(/usr/share/texmf-dist/tex/latex/base/ifthen.sty
Package: ifthen 2024/03/16 v1.1e Standard LaTeX ifthen package (DPC)
)
(/usr/share/texmf-dist/tex/latex/ifmtarg/ifmtarg.sty
Package: ifmtarg 2018/04/16 v1.2b check for an empty argument
))
(/usr/share/texmf-dist/tex/latex/hardwrap/hardwrap.sty
Package: hardwrap 2011/02/12 v0.2 Hard wrap messages

(/usr/share/texmf-dist/tex/latex/ifplatform/ifplatform.sty
Package: ifplatform 2017/10/13 v0.4a Testing for the operating system

(/usr/share/texmf-dist/tex/latex/tools/shellesc.sty
Package: shellesc 2023/07/08 v1.0d unified shell escape interface for LaTeX
Package shellesc Info: Restricted shell escape enabled on input line 77.
)
(/usr/share/texmf-dist/tex/generic/pdftexcmds/pdftexcmds.sty
Package: pdftexcmds 2020-06-27 v0.33 Utility functions of pdfTeX for LuaTeX (HO
)

(/usr/share/texmf-dist/tex/generic/infwarerr/infwarerr.sty
Package: infwarerr 2019/12/03 v1.5 Providing info/warning/error messages (HO)
)
(/usr/share/texmf-dist/tex/generic/iftex/iftex.sty
Package: iftex 2024/12/12 v1.0g TeX engine tests
)
(/usr/share/texmf-dist/tex/generic/ltxcmds/ltxcmds.sty
Package: ltxcmds 2023-12-04 v1.26 LaTeX kernel commands for general use (HO)
)
Package pdftexcmds Info: \pdf@primitive is available.
Package pdftexcmds Info: \pdf@ifprimitive is available.
Package pdftexcmds Info: \pdfdraftmode not found.
)
(/usr/share/texmf-dist/tex/generic/catchfile/catchfile.sty
Package: catchfile 2019/12/09 v1.8 Catch the contents of a file (HO)

(/usr/share/texmf-dist/tex/generic/etexcmds/etexcmds.sty
Package: etexcmds 2019/12/15 v1.7 Avoid name clashes with e-TeX commands (HO)
))
(/usr/share/texmf-dist/tex/generic/iftex/ifluatex.sty
Package: ifluatex 2019/10/25 v1.5 ifluatex legacy package. Use iftex instead.
)

Package ifplatform Warning: 
    shell escape is disabled, so I can only detect \ifwindows.

) (/usr/share/texmf-dist/tex/generic/iftex/ifxetex.sty
Package: ifxetex 2019/10/25 v0.7 ifxetex legacy package. Use iftex instead.
)
\hw@charcount=\count196
\hw@wordcount=\count197
\hw@maxprintline=\count198
)
Class tufte-book Info: Loading the base class `book'

(/usr/share/texmf-dist/tex/latex/base/book.cls
Document Class: book 2024/06/29 v1.4n Standard LaTeX document class
(/usr/share/texmf-dist/tex/latex/base/bk10.clo
File: bk10.clo 2024/06/29 v1.4n Standard LaTeX file (size option)
)
\c@part=\count199
\c@chapter=\count266
\c@section=\count267
\c@subsection=\count268
\c@subsubsection=\count269
\c@paragraph=\count270
\c@subparagraph=\count271
\c@figure=\count272
\c@table=\count273
\abovecaptionskip=\skip52
\belowcaptionskip=\skip53
\bibindent=\dimen143
)
(/usr/share/texmf-dist/tex/generic/iftex/ifpdf.sty
Package: ifpdf 2019/10/25 v3.4 ifpdf legacy package. Use iftex instead.
)
(/usr/share/texmf-dist/tex/xelatex/xltxtra/xltxtra.sty
Package: xltxtra 2018/12/31 v0.7 Improvements for the "XeLaTeX" format

(/usr/share/texmf-dist/tex/latex/fontspec/fontspec.sty
(/usr/share/texmf-dist/tex/latex/l3packages/xparse/xparse.sty
(/usr/share/texmf-dist/tex/latex/l3kernel/expl3.sty
Package: expl3 2025-01-18 L3 programming layer (loader) 

(/usr/share/texmf-dist/tex/latex/l3backend/l3backend-xetex.def
File: l3backend-xetex.def 2024-05-08 L3 backend support: XeTeX
\g__graphics_track_int=\count274
\l__pdf_internal_box=\box52
\g__pdf_backend_annotation_int=\count275
\g__pdf_backend_link_int=\count276
))
Package: xparse 2024-08-16 L3 Experimental document command parser
)
Package: fontspec 2024/05/11 v2.9e Font selection for XeLaTeX and LuaLaTeX

(/usr/share/texmf-dist/tex/latex/fontspec/fontspec-xetex.sty
Package: fontspec-xetex 2024/05/11 v2.9e Font selection for XeLaTeX and LuaLaTe
X
\l__fontspec_script_int=\count277
\l__fontspec_language_int=\count278
\l__fontspec_strnum_int=\count279
\l__fontspec_tmp_int=\count280
\l__fontspec_tmpa_int=\count281
\l__fontspec_tmpb_int=\count282
\l__fontspec_tmpc_int=\count283
\l__fontspec_em_int=\count284
\l__fontspec_emdef_int=\count285
\l__fontspec_strong_int=\count286
\l__fontspec_strongdef_int=\count287
\l__fontspec_tmpa_dim=\dimen144
\l__fontspec_tmpb_dim=\dimen145
\l__fontspec_tmpc_dim=\dimen146

(/usr/share/texmf-dist/tex/latex/base/fontenc.sty
Package: fontenc 2021/04/29 v2.0v Standard LaTeX package
)
(/usr/share/texmf-dist/tex/latex/fontspec/fontspec.cfg)))
(/usr/share/texmf-dist/tex/latex/realscripts/realscripts.sty
Package: realscripts 2016/02/13 v0.3d Access OpenType subscripts and superscrip
ts
\subsupersep=\dimen147
)
(/usr/share/texmf-dist/tex/latex/metalogo/metalogo.sty
Package: metalogo 2010/05/29 v0.12 Extended TeX logo macros

(/usr/share/texmf-dist/tex/latex/graphics/graphicx.sty
Package: graphicx 2021/09/16 v1.2d Enhanced LaTeX Graphics (DPC,SPQR)

(/usr/share/texmf-dist/tex/latex/graphics/graphics.sty
Package: graphics 2024/08/06 v1.4g Standard LaTeX Graphics (DPC,SPQR)

(/usr/share/texmf-dist/tex/latex/graphics/trig.sty
Package: trig 2023/12/02 v1.11 sin cos tan (DPC)
)
(/usr/share/texmf-dist/tex/latex/graphics-cfg/graphics.cfg
File: graphics.cfg 2016/06/04 v1.11 sample graphics configuration
)
Package graphics Info: Driver file: xetex.def on input line 106.

(/usr/share/texmf-dist/tex/latex/graphics-def/xetex.def
File: xetex.def 2022/09/22 v5.0n Graphics/color driver for xetex
))
\Gin@req@height=\dimen148
\Gin@req@width=\dimen149
)
\xl@everylogo=\toks19
\xl@@everylogo=\toks20
LaTeX Info: Redefining \TeX on input line 193.
LaTeX Info: Redefining \LaTeX on input line 202.
LaTeX Info: Redefining \LaTeXe on input line 219.
)
\l__xetex_show_hyphens_wrapping_box=\box53
\l__xetex_show_hyphens_temp_box=\box54
\l__xetex_show_hyphens_final_box=\box55
\g__xetex_show_hyphens_word_box=\box56
)
(/usr/share/texmf-dist/tex/latex/titlesec/titlesec.sty
Package: titlesec 2025/01/04 v2.17 Sectioning titles
\ttl@box=\box57
\beforetitleunit=\skip54
\aftertitleunit=\skip55
\ttl@plus=\dimen150
\ttl@minus=\dimen151
\ttl@toksa=\toks21
\titlewidth=\dimen152
\titlewidthlast=\dimen153
\titlewidthfirst=\dimen154
)
(/usr/share/texmf-dist/tex/latex/titlesec/titletoc.sty
Package: titletoc 2025/01/04 v2.17 TOC entries
\ttl@leftsep=\dimen155
)
(/usr/share/texmf-dist/tex/latex/hyperref/hyperref.sty
Package: hyperref 2024-11-05 v7.01l Hypertext links for LaTeX

(/usr/share/texmf-dist/tex/latex/kvsetkeys/kvsetkeys.sty
Package: kvsetkeys 2022-10-05 v1.19 Key value parser (HO)
)
(/usr/share/texmf-dist/tex/generic/kvdefinekeys/kvdefinekeys.sty
Package: kvdefinekeys 2019-12-19 v1.6 Define keys (HO)
)
(/usr/share/texmf-dist/tex/generic/pdfescape/pdfescape.sty
Package: pdfescape 2019/12/09 v1.15 Implements pdfTeX's escape features (HO)
)
(/usr/share/texmf-dist/tex/latex/hycolor/hycolor.sty
Package: hycolor 2020-01-27 v1.10 Color options for hyperref/bookmark (HO)
)
(/usr/share/texmf-dist/tex/latex/hyperref/nameref.sty
Package: nameref 2023-11-26 v2.56 Cross-referencing by name of section

(/usr/share/texmf-dist/tex/latex/refcount/refcount.sty
Package: refcount 2019/12/15 v3.6 Data extraction from label references (HO)
)
(/usr/share/texmf-dist/tex/generic/gettitlestring/gettitlestring.sty
Package: gettitlestring 2019/12/15 v1.6 Cleanup title references (HO)

(/usr/share/texmf-dist/tex/latex/kvoptions/kvoptions.sty
Package: kvoptions 2022-06-15 v3.15 Key value format for package options (HO)
))
\c@section@level=\count288
)
(/usr/share/texmf-dist/tex/latex/etoolbox/etoolbox.sty
Package: etoolbox 2025/02/11 v2.5l e-TeX tools for LaTeX (JAW)
\etb@tempcnta=\count289
)
(/usr/share/texmf-dist/tex/generic/stringenc/stringenc.sty
Package: stringenc 2019/11/29 v1.12 Convert strings between diff. encodings (HO
)
)
\@linkdim=\dimen156
\Hy@linkcounter=\count290
\Hy@pagecounter=\count291

(/usr/share/texmf-dist/tex/latex/hyperref/pd1enc.def
File: pd1enc.def 2024-11-05 v7.01l Hyperref: PDFDocEncoding definition (HO)
)
(/usr/share/texmf-dist/tex/generic/intcalc/intcalc.sty
Package: intcalc 2019/12/15 v1.3 Expandable calculations with integers (HO)
)
\Hy@SavedSpaceFactor=\count292

(/usr/share/texmf-dist/tex/latex/hyperref/puenc.def
File: puenc.def 2024-11-05 v7.01l Hyperref: PDF Unicode definition (HO)
)
Package hyperref Info: Option `unicode' set `true' on input line 4040.
Package hyperref Info: Option `hyperfootnotes' set `false' on input line 4040.
Package hyperref Info: Hyper figures OFF on input line 4157.
Package hyperref Info: Link nesting OFF on input line 4162.
Package hyperref Info: Hyper index ON on input line 4165.
Package hyperref Info: Plain pages OFF on input line 4172.
Package hyperref Info: Backreferencing OFF on input line 4177.
Package hyperref Info: Implicit mode ON; LaTeX internals redefined.
Package hyperref Info: Bookmarks ON on input line 4424.
\c@Hy@tempcnt=\count293

(/usr/share/texmf-dist/tex/latex/url/url.sty
\Urlmuskip=\muskip17
Package: url 2013/09/16  ver 3.4  Verb mode for urls, etc.
)
LaTeX Info: Redefining \url on input line 4763.
\XeTeXLinkMargin=\dimen157

(/usr/share/texmf-dist/tex/generic/bitset/bitset.sty
Package: bitset 2019/12/09 v1.3 Handle bit-vector datatype (HO)

(/usr/share/texmf-dist/tex/generic/bigintcalc/bigintcalc.sty
Package: bigintcalc 2019/12/15 v1.5 Expandable calculations on big integers (HO
)
))
\Fld@menulength=\count294
\Field@Width=\dimen158
\Fld@charsize=\dimen159
Package hyperref Info: Hyper figures OFF on input line 6042.
Package hyperref Info: Link nesting OFF on input line 6047.
Package hyperref Info: Hyper index ON on input line 6050.
Package hyperref Info: backreferencing OFF on input line 6057.
Package hyperref Info: Link coloring OFF on input line 6062.
Package hyperref Info: Link coloring with OCG OFF on input line 6067.
Package hyperref Info: PDF/A mode OFF on input line 6072.

(/usr/share/texmf-dist/tex/latex/base/atbegshi-ltx.sty
Package: atbegshi-ltx 2021/01/10 v1.0c Emulation of the original atbegshi
package with kernel methods
)
\Hy@abspage=\count295
\c@Item=\count296
)
Package hyperref Info: Driver: hxetex.

(/usr/share/texmf-dist/tex/latex/hyperref/hxetex.def
File: hxetex.def 2024-11-05 v7.01l Hyperref driver for XeTeX
\pdfm@box=\box58
\c@Hy@AnnotLevel=\count297
\HyField@AnnotCount=\count298
\Fld@listcount=\count299
\c@bookmark@seq@number=\count300

(/usr/share/texmf-dist/tex/latex/rerunfilecheck/rerunfilecheck.sty
Package: rerunfilecheck 2022-07-10 v1.10 Rerun checks for auxiliary files (HO)

(/usr/share/texmf-dist/tex/latex/base/atveryend-ltx.sty
Package: atveryend-ltx 2020/08/19 v1.0a Emulation of the original atveryend pac
kage
with kernel methods
)
(/usr/share/texmf-dist/tex/generic/uniquecounter/uniquecounter.sty
Package: uniquecounter 2019/12/15 v1.4 Provide unlimited unique counter (HO)
)
Package uniquecounter Info: New unique counter `rerunfilecheck' on input line 2
85.
)
\Hy@SectionHShift=\skip56
)
(/usr/share/texmf-dist/tex/latex/ragged2e/ragged2e.sty
Package: ragged2e 2023/06/22 v3.6 ragged2e Package
\CenteringLeftskip=\skip57
\RaggedLeftLeftskip=\skip58
\RaggedRightLeftskip=\skip59
\CenteringRightskip=\skip60
\RaggedLeftRightskip=\skip61
\RaggedRightRightskip=\skip62
\CenteringParfillskip=\skip63
\RaggedLeftParfillskip=\skip64
\RaggedRightParfillskip=\skip65
\JustifyingParfillskip=\skip66
\CenteringParindent=\skip67
\RaggedLeftParindent=\skip68
\RaggedRightParindent=\skip69
\JustifyingParindent=\skip70
)
(/usr/share/texmf-dist/tex/latex/geometry/geometry.sty
Package: geometry 2020/01/02 v5.9 Page Geometry

(/usr/share/texmf-dist/tex/generic/iftex/ifvtex.sty
Package: ifvtex 2019/10/25 v1.7 ifvtex legacy package. Use iftex instead.
)
\Gm@cnth=\count301
\Gm@cntv=\count302
\c@Gm@tempcnt=\count303
\Gm@bindingoffset=\dimen160
\Gm@wd@mp=\dimen161
\Gm@odd@mp=\dimen162
\Gm@even@mp=\dimen163
\Gm@layoutwidth=\dimen164
\Gm@layoutheight=\dimen165
\Gm@layouthoffset=\dimen166
\Gm@layoutvoffset=\dimen167
\Gm@dimlist=\toks22
)
(/usr/share/texmf-dist/tex/latex/changepage/changepage.sty
Package: changepage 2009/10/20 v1.0c check page and change page layout
\c@cp@cntr=\count304
\cp@tempcnt=\count305
)
\@tufte@overhang=\skip71
\@tufte@fullwidth=\skip72
\@tufte@caption@fill=\skip73

(/usr/share/texmf-dist/tex/latex/paralist/paralist.sty
Package: paralist 2017/01/22 v2.7 Extended list environments
\pltopsep=\skip74
\plpartopsep=\skip75
\plitemsep=\skip76
\plparsep=\skip77
\pl@lab=\toks23
)
(/usr/share/texmf-dist/tex/latex/textcase/textcase.sty
Package: textcase 2025/02/16 v1.05 Text only upper/lower case changing (DPC)
Package textcase Info: Defining Legacy names on input line 20.
)
(/usr/share/texmf-dist/tex/generic/soul/soul.sty
Package: soul 2023-06-14 v3.1 Permit use of UTF-8 characters in soul (HO)

(/usr/share/texmf-dist/tex/generic/soul/soul-ori.sty
Package: soul-ori 2023-06-14 v3.1 letterspacing/underlining (mf)
\SOUL@word=\toks24
\SOUL@lasttoken=\toks25
\SOUL@syllable=\toks26
\SOUL@cmds=\toks27
\SOUL@buffer=\toks28
\SOUL@token=\toks29
\SOUL@syllgoal=\dimen168
\SOUL@syllwidth=\dimen169
\SOUL@charkern=\dimen170
\SOUL@hyphkern=\dimen171
\SOUL@dimen=\dimen172
\SOUL@dimeni=\dimen173
\SOUL@minus=\count306
\SOUL@comma=\count307
\SOUL@apo=\count308
\SOUL@grave=\count309
\SOUL@spaceskip=\skip78
\SOUL@ttwidth=\dimen174
\SOUL@uldp=\dimen175
\SOUL@ulht=\dimen176
))
LaTeX Info: Redefining \allcapsspacing on input line 737.
LaTeX Info: Redefining \smallcapsspacing on input line 737.

(/usr/share/texmf-dist/tex/latex/setspace/setspace.sty
Package: setspace 2022/12/04 v6.7b set line spacing
)
(/usr/share/texmf-dist/tex/latex/xcolor/xcolor.sty
Package: xcolor 2024/09/29 v3.02 LaTeX color extensions (UK)

(/usr/share/texmf-dist/tex/latex/graphics-cfg/color.cfg
File: color.cfg 2016/01/02 v1.6 sample color configuration
)

Package xcolor Warning: Package option `usenames' is obsolete and ignored on in
put line 265.

Package xcolor Info: Driver file: xetex.def on input line 274.
(/usr/share/texmf-dist/tex/latex/graphics/mathcolor.ltx)
Package xcolor Info: Model `cmy' substituted by `cmy0' on input line 1349.
Package xcolor Info: Model `RGB' extended on input line 1365.
Package xcolor Info: Model `HTML' substituted by `rgb' on input line 1367.
Package xcolor Info: Model `Hsb' substituted by `hsb' on input line 1368.
Package xcolor Info: Model `tHsb' substituted by `hsb' on input line 1369.
Package xcolor Info: Model `HSB' substituted by `hsb' on input line 1370.
Package xcolor Info: Model `Gray' substituted by `gray' on input line 1371.
Package xcolor Info: Model `wave' substituted by `hsb' on input line 1372.
)
(/usr/share/texmf-dist/tex/latex/graphics/dvipsnam.def
File: dvipsnam.def 2016/06/17 v3.0m Driver-dependent file (DPC,SPQR)
)
(/usr/share/texmf-dist/tex/latex/xcolor/svgnam.def
File: svgnam.def 2024/09/29 v3.02 Predefined colors according to SVG 1.1 (UK)
)
(/usr/share/texmf-dist/tex/latex/natbib/natbib.sty
Package: natbib 2010/09/13 8.31b (PWD, AO)
\bibhang=\skip79
\bibsep=\skip80
LaTeX Info: Redefining \cite on input line 694.
\c@NAT@ctr=\count310
)
(/usr/share/texmf-dist/tex/latex/natbib/bibentry.sty
Package: bibentry 2007/10/30 1.5 (PWD)
) (./main.bbl)
\c@@tufte@num@bibkeys=\count311

(/usr/share/texmf-dist/tex/latex/sauerj/optparams.sty
Package: optparams 2004/08/14 v0.9 multiple optional parameters in macros
)
\@tufte@sidenote@vertical@offset=\skip81

(/usr/share/texmf-dist/tex/latex/placeins/placeins.sty
Package: placeins 2005/04/18  v 2.2
)
\@tufte@margin@floatbox=\box59
\@tufte@figure@box=\box60
\@tufte@caption@box=\box61
\@tufte@caption@vertical@offset=\skip82
\@tufte@float@contents@width=\skip83

(/usr/share/texmf-dist/tex/latex/fancyhdr/fancyhdr.sty
Package: fancyhdr 2025/02/07 v5.2 Extensive control of page headers and footers

\f@nch@headwidth=\skip84
\f@nch@offset@elh=\skip85
\f@nch@offset@erh=\skip86
\f@nch@offset@olh=\skip87
\f@nch@offset@orh=\skip88
\f@nch@offset@elf=\skip89
\f@nch@offset@erf=\skip90
\f@nch@offset@olf=\skip91
\f@nch@offset@orf=\skip92
\f@nch@height=\skip93
\f@nch@footalignment=\skip94
\f@nch@widthL=\skip95
\f@nch@widthC=\skip96
\f@nch@widthR=\skip97
\@temptokenb=\toks30
)
\tufteskipamount=\skip98

(/usr/share/texmf-dist/tex/latex/tools/multicol.sty
Package: multicol 2024/09/14 v1.9i multicolumn formatting (FMi)
\c@tracingmulticols=\count312
\mult@box=\box62
\multicol@leftmargin=\dimen177
\c@unbalance=\count313
\c@collectmore=\count314
\doublecol@number=\count315
\multicoltolerance=\count316
\multicolpretolerance=\count317
\full@width=\dimen178
\page@free=\dimen179
\premulticols=\dimen180
\postmulticols=\dimen181
\multicolsep=\skip99
\multicolbaselineskip=\skip100
\partial@page=\box63
\last@line=\box64
\mc@boxedresult=\box65
\maxbalancingoverflow=\dimen182
\mult@rightbox=\box66
\mult@grightbox=\box67
\mult@firstbox=\box68
\mult@gfirstbox=\box69
\@tempa=\box70
\@tempa=\box71
\@tempa=\box72
\@tempa=\box73
\@tempa=\box74
\@tempa=\box75
\@tempa=\box76
\@tempa=\box77
\@tempa=\box78
\@tempa=\box79
\@tempa=\box80
\@tempa=\box81
\@tempa=\box82
\@tempa=\box83
\@tempa=\box84
\@tempa=\box85
\@tempa=\box86
\@tempa=\box87
\@tempa=\box88
\@tempa=\box89
\@tempa=\box90
\@tempa=\box91
\@tempa=\box92
\@tempa=\box93
\@tempa=\box94
\@tempa=\box95
\@tempa=\box96
\@tempa=\box97
\@tempa=\box98
\@tempa=\box99
\@tempa=\box100
\@tempa=\box101
\@tempa=\box102
\@tempa=\box103
\@tempa=\box104
\@tempa=\box105
\c@minrows=\count318
\c@columnbadness=\count319
\c@finalcolumnbadness=\count320
\last@try=\dimen183
\multicolovershoot=\dimen184
\multicolundershoot=\dimen185
\mult@nat@firstbox=\box106
\colbreak@box=\box107
\mc@col@check@num=\count321
)))
LaTeX Info: Redefining \MakeTextUppercase on input line 11.
LaTeX Info: Redefining \MakeTextLowercase on input line 15.

(/usr/share/texmf-dist/tex/latex/booktabs/booktabs.sty
Package: booktabs 2020/01/12 v1.61803398 Publication quality tables
\heavyrulewidth=\dimen186
\lightrulewidth=\dimen187
\cmidrulewidth=\dimen188
\belowrulesep=\dimen189
\belowbottomsep=\dimen190
\aboverulesep=\dimen191
\abovetopsep=\dimen192
\cmidrulesep=\dimen193
\cmidrulekern=\dimen194
\defaultaddspace=\dimen195
\@cmidla=\count322
\@cmidlb=\count323
\@aboverulesep=\dimen196
\@belowrulesep=\dimen197
\@thisruleclass=\count324
\@lastruleclass=\count325
\@thisrulewidth=\dimen198
)
(/usr/share/texmf-dist/tex/latex/tools/tabularx.sty
Package: tabularx 2023/12/11 v2.12a `tabularx' package (DPC)

(/usr/share/texmf-dist/tex/latex/tools/array.sty
Package: array 2024/10/17 v2.6g Tabular extension package (FMi)
\col@sep=\dimen199
\ar@mcellbox=\box108
\extrarowheight=\dimen256
\NC@list=\toks31
\extratabsurround=\skip101
\backup@length=\skip102
\ar@cellbox=\box109
)
\TX@col@width=\dimen257
\TX@old@table=\dimen258
\TX@old@col=\dimen259
\TX@target=\dimen260
\TX@delta=\dimen261
\TX@cols=\count326
\TX@ftn=\toks32
)
(/usr/share/texmf-dist/tex/latex/tools/longtable.sty
Package: longtable 2024-10-27 v4.22 Multi-page Table package (DPC)
\LTleft=\skip103
\LTright=\skip104
\LTpre=\skip105
\LTpost=\skip106
\LTchunksize=\count327
\LTcapwidth=\dimen262
\LT@head=\box110
\LT@firsthead=\box111
\LT@foot=\box112
\LT@lastfoot=\box113
\LT@gbox=\box114
\LT@cols=\count328
\LT@rows=\count329
\c@LT@tables=\count330
\c@LT@chunks=\count331
\LT@p@ftn=\toks33
)
(/usr/share/texmf-dist/tex/latex/microtype/microtype.sty
Package: microtype 2025/02/11 v3.2a Micro-typographical refinements (RS)
\MT@toks=\toks34
\MT@tempbox=\box115
\MT@count=\count332
LaTeX Info: Redefining \noprotrusionifhmode on input line 1087.
LaTeX Info: Redefining \leftprotrusion on input line 1088.
\MT@prot@toks=\toks35
LaTeX Info: Redefining \rightprotrusion on input line 1107.
LaTeX Info: Redefining \textls on input line 1449.
\MT@outer@kern=\dimen263
LaTeX Info: Redefining \microtypecontext on input line 2053.
LaTeX Info: Redefining \textmicrotypecontext on input line 2070.
\MT@listname@count=\count333

(/usr/share/texmf-dist/tex/latex/microtype/microtype-xetex.def
File: microtype-xetex.def 2025/02/11 v3.2a Definitions specific to xetex (RS)
LaTeX Info: Redefining \lsstyle on input line 443.
LaTeX Info: Redefining \lslig on input line 451.
\MT@outer@space=\skip107
)
Package microtype Info: Loading configuration file microtype.cfg.

(/usr/share/texmf-dist/tex/latex/microtype/microtype.cfg
File: microtype.cfg 2025/02/11 v3.2a microtype main configuration file (RS)
)
LaTeX Info: Redefining \microtypesetup on input line 3065.
)
(/usr/share/texmf-dist/tex/latex/lipsum/lipsum.sty
(/usr/share/texmf-dist/tex/latex/l3packages/l3keys2e/l3keys2e.sty
Package: l3keys2e 2024-08-16 LaTeX2e option processing using LaTeX3 keys
)
Package: lipsum 2021-09-20 v2.7 150 paragraphs of Lorem Ipsum dummy text
\g__lipsum_par_int=\count334
\l__lipsum_a_int=\count335
\l__lipsum_b_int=\count336

(/usr/share/texmf-dist/tex/latex/lipsum/lipsum.ltd.tex))

Package fontspec Info: 
(fontspec)             Font family 'TeXGyrePagella(0)' created for font 'TeX
(fontspec)             Gyre Pagella' with options [Ligatures=TeX].
(fontspec)              
(fontspec)              This font family consists of the following NFSS
(fontspec)             series/shapes:
(fontspec)              
(fontspec)             - 'normal' (m/n) with NFSS spec.: <->"TeX Gyre
(fontspec)             Pagella/OT:script=latn;language=dflt;mapping=tex-text;"
(fontspec)             - 'small caps'  (m/sc) with NFSS spec.: <->"TeX Gyre
(fontspec)             Pagella/OT:script=latn;language=dflt;+smcp;mapping=tex-t
ext;"
(fontspec)             - 'bold' (b/n) with NFSS spec.: <->"TeX Gyre
(fontspec)             Pagella/B/OT:script=latn;language=dflt;mapping=tex-text;
"
(fontspec)             - 'bold small caps'  (b/sc) with NFSS spec.: <->"TeX
(fontspec)             Gyre
(fontspec)             Pagella/B/OT:script=latn;language=dflt;+smcp;mapping=tex
-text;"
(fontspec)             - 'italic' (m/it) with NFSS spec.: <->"TeX Gyre
(fontspec)             Pagella/I/OT:script=latn;language=dflt;mapping=tex-text;
"
(fontspec)             - 'italic small caps'  (m/scit) with NFSS spec.:
(fontspec)             <->"TeX Gyre
(fontspec)             Pagella/I/OT:script=latn;language=dflt;+smcp;mapping=tex
-text;"
(fontspec)             - 'bold italic' (b/it) with NFSS spec.: <->"TeX Gyre
(fontspec)             Pagella/BI/OT:script=latn;language=dflt;mapping=tex-text
;"
(fontspec)             - 'bold italic small caps'  (b/scit) with NFSS spec.:
(fontspec)             <->"TeX Gyre
(fontspec)             Pagella/BI/OT:script=latn;language=dflt;+smcp;mapping=te
x-text;"


Package fontspec Info: 
(fontspec)             Font family 'TeXGyreHeros(0)' created for font 'TeX
(fontspec)             Gyre Heros' with options [Ligatures=TeX].
(fontspec)              
(fontspec)              This font family consists of the following NFSS
(fontspec)             series/shapes:
(fontspec)              
(fontspec)             - 'normal' (m/n) with NFSS spec.: <->"TeX Gyre
(fontspec)             Heros/OT:script=latn;language=dflt;mapping=tex-text;"
(fontspec)             - 'small caps'  (m/sc) with NFSS spec.: <->"TeX Gyre
(fontspec)             Heros/OT:script=latn;language=dflt;+smcp;mapping=tex-tex
t;"
(fontspec)             - 'bold' (b/n) with NFSS spec.: <->"TeX Gyre
(fontspec)             Heros/B/OT:script=latn;language=dflt;mapping=tex-text;"
(fontspec)             - 'bold small caps'  (b/sc) with NFSS spec.: <->"TeX
(fontspec)             Gyre
(fontspec)             Heros/B/OT:script=latn;language=dflt;+smcp;mapping=tex-t
ext;"
(fontspec)             - 'italic' (m/it) with NFSS spec.: <->"TeX Gyre
(fontspec)             Heros/I/OT:script=latn;language=dflt;mapping=tex-text;"
(fontspec)             - 'italic small caps'  (m/scit) with NFSS spec.:
(fontspec)             <->"TeX Gyre
(fontspec)             Heros/I/OT:script=latn;language=dflt;+smcp;mapping=tex-t
ext;"
(fontspec)             - 'bold italic' (b/it) with NFSS spec.: <->"TeX Gyre
(fontspec)             Heros/BI/OT:script=latn;language=dflt;mapping=tex-text;"

(fontspec)             - 'bold italic small caps'  (b/scit) with NFSS spec.:
(fontspec)             <->"TeX Gyre
(fontspec)             Heros/BI/OT:script=latn;language=dflt;+smcp;mapping=tex-
text;"


Package fontspec Info: 
(fontspec)             Font family 'DejaVuSansMono(0)' created for font
(fontspec)             'DejaVu Sans Mono' with options
(fontspec)             [WordSpace={1,0,0},HyphenChar=None,PunctuationSpace=Word
Space].
(fontspec)              
(fontspec)              This font family consists of the following NFSS
(fontspec)             series/shapes:
(fontspec)              
(fontspec)             - 'normal' (m/n) with NFSS spec.: <->"DejaVu Sans
(fontspec)             Mono/OT:script=latn;language=dflt;"
(fontspec)             - 'bold' (b/n) with NFSS spec.: <->"DejaVu Sans
(fontspec)             Mono/B/OT:script=latn;language=dflt;"
(fontspec)             - 'italic' (m/it) with NFSS spec.: <->"DejaVu Sans
(fontspec)             Mono/I/OT:script=latn;language=dflt;"
(fontspec)             - 'bold italic' (b/it) with NFSS spec.: <->"DejaVu Sans
(fontspec)             Mono/BI/OT:script=latn;language=dflt;"


(/usr/share/texmf-dist/tex/latex/listings/listings.sty
\lst@mode=\count337
\lst@gtempboxa=\box116
\lst@token=\toks36
\lst@length=\count338
\lst@currlwidth=\dimen264
\lst@column=\count339
\lst@pos=\count340
\lst@lostspace=\dimen265
\lst@width=\dimen266
\lst@newlines=\count341
\lst@lineno=\count342
\lst@maxwidth=\dimen267

(/usr/share/texmf-dist/tex/latex/listings/lstpatch.sty
File: lstpatch.sty 2024/09/23 1.10c (Carsten Heinz)
)
(/usr/share/texmf-dist/tex/latex/listings/lstmisc.sty
File: lstmisc.sty 2024/09/23 1.10c (Carsten Heinz)
\c@lstnumber=\count343
\lst@skipnumbers=\count344
\lst@framebox=\box117
)
(/usr/share/texmf-dist/tex/latex/listings/listings.cfg
File: listings.cfg 2024/09/23 1.10c listings configuration
))
Package: listings 2024/09/23 1.10c (Carsten Heinz)
Package hyperref Info: Option `colorlinks' set `true' on input line 125.
 (./main.aux)
\openout1 = `main.aux'.

LaTeX Font Info:    Checking defaults for OML/cmm/m/it on input line 138.
LaTeX Font Info:    ... okay on input line 138.
LaTeX Font Info:    Checking defaults for OMS/cmsy/m/n on input line 138.
LaTeX Font Info:    ... okay on input line 138.
LaTeX Font Info:    Checking defaults for OT1/cmr/m/n on input line 138.
LaTeX Font Info:    ... okay on input line 138.
LaTeX Font Info:    Checking defaults for T1/cmr/m/n on input line 138.
LaTeX Font Info:    ... okay on input line 138.
LaTeX Font Info:    Checking defaults for TS1/cmr/m/n on input line 138.
LaTeX Font Info:    ... okay on input line 138.
LaTeX Font Info:    Checking defaults for TU/lmr/m/n on input line 138.
LaTeX Font Info:    ... okay on input line 138.
LaTeX Font Info:    Checking defaults for OMX/cmex/m/n on input line 138.
LaTeX Font Info:    ... okay on input line 138.
LaTeX Font Info:    Checking defaults for U/cmr/m/n on input line 138.
LaTeX Font Info:    ... okay on input line 138.
LaTeX Font Info:    Checking defaults for PD1/pdf/m/n on input line 138.
LaTeX Font Info:    ... okay on input line 138.
LaTeX Font Info:    Checking defaults for PU/pdf/m/n on input line 138.
LaTeX Font Info:    ... okay on input line 138.

Package fontspec Info: 
(fontspec)             Adjusting the maths setup (use [no-math] to avoid
(fontspec)             this).

\symlegacymaths=\mathgroup4
LaTeX Font Info:    Overwriting symbol font `legacymaths' in version `bold'
(Font)                  OT1/cmr/m/n --> OT1/cmr/bx/n on input line 138.
LaTeX Font Info:    Redeclaring math accent \acute on input line 138.
LaTeX Font Info:    Redeclaring math accent \grave on input line 138.
LaTeX Font Info:    Redeclaring math accent \ddot on input line 138.
LaTeX Font Info:    Redeclaring math accent \tilde on input line 138.
LaTeX Font Info:    Redeclaring math accent \bar on input line 138.
LaTeX Font Info:    Redeclaring math accent \breve on input line 138.
LaTeX Font Info:    Redeclaring math accent \check on input line 138.
LaTeX Font Info:    Redeclaring math accent \hat on input line 138.
LaTeX Font Info:    Redeclaring math accent \dot on input line 138.
LaTeX Font Info:    Redeclaring math accent \mathring on input line 138.
LaTeX Font Info:    Redeclaring math symbol \colon on input line 138.
LaTeX Font Info:    Redeclaring math symbol \Gamma on input line 138.
LaTeX Font Info:    Redeclaring math symbol \Delta on input line 138.
LaTeX Font Info:    Redeclaring math symbol \Theta on input line 138.
LaTeX Font Info:    Redeclaring math symbol \Lambda on input line 138.
LaTeX Font Info:    Redeclaring math symbol \Xi on input line 138.
LaTeX Font Info:    Redeclaring math symbol \Pi on input line 138.
LaTeX Font Info:    Redeclaring math symbol \Sigma on input line 138.
LaTeX Font Info:    Redeclaring math symbol \Upsilon on input line 138.
LaTeX Font Info:    Redeclaring math symbol \Phi on input line 138.
LaTeX Font Info:    Redeclaring math symbol \Psi on input line 138.
LaTeX Font Info:    Redeclaring math symbol \Omega on input line 138.
LaTeX Font Info:    Redeclaring math symbol \mathdollar on input line 138.
LaTeX Font Info:    Redeclaring symbol font `operators' on input line 138.
LaTeX Font Info:    Encoding `OT1' has changed to `TU' for symbol font
(Font)              `operators' in the math version `normal' on input line 138.

LaTeX Font Info:    Overwriting symbol font `operators' in version `normal'
(Font)                  OT1/cmr/m/n --> TU/TeXGyrePagella(0)/m/n on input line 
138.
LaTeX Font Info:    Encoding `OT1' has changed to `TU' for symbol font
(Font)              `operators' in the math version `bold' on input line 138.
LaTeX Font Info:    Overwriting symbol font `operators' in version `bold'
(Font)                  OT1/cmr/bx/n --> TU/TeXGyrePagella(0)/m/n on input line
 138.
LaTeX Font Info:    Overwriting symbol font `operators' in version `normal'
(Font)                  TU/TeXGyrePagella(0)/m/n --> TU/TeXGyrePagella(0)/m/n o
n input line 138.
LaTeX Font Info:    Overwriting math alphabet `\mathit' in version `normal'
(Font)                  OT1/cmr/m/it --> TU/TeXGyrePagella(0)/m/it on input lin
e 138.
LaTeX Font Info:    Overwriting math alphabet `\mathbf' in version `normal'
(Font)                  OT1/cmr/bx/n --> TU/TeXGyrePagella(0)/b/n on input line
 138.
LaTeX Font Info:    Overwriting math alphabet `\mathsf' in version `normal'
(Font)                  OT1/cmss/m/n --> TU/TeXGyreHeros(0)/m/n on input line 1
38.
LaTeX Font Info:    Overwriting math alphabet `\mathtt' in version `normal'
(Font)                  OT1/cmtt/m/n --> TU/DejaVuSansMono(0)/m/n on input line
 138.
LaTeX Font Info:    Overwriting symbol font `operators' in version `bold'
(Font)                  TU/TeXGyrePagella(0)/m/n --> TU/TeXGyrePagella(0)/b/n o
n input line 138.
LaTeX Font Info:    Overwriting math alphabet `\mathit' in version `bold'
(Font)                  OT1/cmr/bx/it --> TU/TeXGyrePagella(0)/b/it on input li
ne 138.
LaTeX Font Info:    Overwriting math alphabet `\mathsf' in version `bold'
(Font)                  OT1/cmss/bx/n --> TU/TeXGyreHeros(0)/b/n on input line 
138.
LaTeX Font Info:    Overwriting math alphabet `\mathtt' in version `bold'
(Font)                  OT1/cmtt/m/n --> TU/DejaVuSansMono(0)/b/n on input line
 138.
Package hyperref Info: Link coloring ON on input line 138.

(./main.out) (./main.out)
\@outlinefile=\write3
\openout3 = `main.out'.


*geometry* driver: auto-detecting
*geometry* detected driver: xetex
*geometry* verbose mode - [ preamble ] result:
* driver: xetex
* paper: a4paper
* layout: <same size as paper>
* layoutoffset:(h,v)=(0.0pt,0.0pt)
* modes: twoside asymmetric 
* h-part:(L,W,R)=(70.56284pt, 304.44447pt, 222.50056pt)
* v-part:(T,H,B)=(77.96053pt, 686.0pt, 81.08632pt)
* \paperwidth=597.50787pt
* \paperheight=845.04684pt
* \textwidth=304.44447pt
* \textheight=686.0pt
* \oddsidemargin=-1.70715pt
* \evensidemargin=-1.70715pt
* \topmargin=-36.30946pt
* \headheight=14.0pt
* \headsep=28.0pt
* \topskip=10.0pt
* \footskip=25.29494pt
* \marginparwidth=140.5566pt
* \marginparsep=23.33124pt
* \columnsep=10.0pt
* \skip\footins=9.0pt plus 4.0pt minus 2.0pt
* \hoffset=0.0pt
* \voffset=0.0pt
* \mag=1000
* \@twocolumnfalse
* \@twosidetrue
* \@mparswitchfalse
* \@reversemarginfalse
* (1in=72.27pt=25.4mm, 1cm=28.453pt)

\langwohyphens=\language3
LaTeX Info: Redefining \microtypecontext on input line 138.
Package microtype Info: Applying patch `item' on input line 138.
Package microtype Info: Applying patch `toc' on input line 138.
Package microtype Info: Applying patch `eqnum' on input line 138.

Package microtype Warning: Unable to apply patch `footnote' on input line 138.

Package microtype Info: Applying patch `verbatim' on input line 138.
LaTeX Info: Redefining \microtypesetup on input line 138.
Package microtype Info: Character protrusion enabled (level 2).
Package microtype Info: Using default protrusion set `alltext'.
Package microtype Info: No adjustment of tracking.
Package microtype Info: No adjustment of spacing.
Package microtype Info: No adjustment of kerning.
(/usr/share/texmf-dist/tex/latex/microtype/mt-Palatino.cfg
File: mt-Palatino.cfg 2012/03/10 v1.0 microtype config. file: Palatino and simi
lar fonts (LBD)
)
Package microtype Info: Character `Ǟ' is missing
(microtype)             in font `\TU/TeXGyrePagella(0)/m/n/10'.
(microtype)             Ignoring protrusion settings for this character.
Package microtype Info: Character `Ǡ' is missing
(microtype)             in font `\TU/TeXGyrePagella(0)/m/n/10'.
(microtype)             Ignoring protrusion settings for this character.
Package microtype Info: Character `Ȧ' is missing
(microtype)             in font `\TU/TeXGyrePagella(0)/m/n/10'.
(microtype)             Ignoring protrusion settings for this character.
Package microtype Info: Character `Ȃ' is missing
(microtype)             in font `\TU/TeXGyrePagella(0)/m/n/10'.
(microtype)             Ignoring protrusion settings for this character.
Package microtype Info: Character `Ḁ' is missing
(microtype)             in font `\TU/TeXGyrePagella(0)/m/n/10'.
(microtype)             Ignoring protrusion settings for this character.
Package microtype Info: Character `Ꜳ' is missing
(microtype)             in font `\TU/TeXGyrePagella(0)/m/n/10'.
(microtype)             Ignoring protrusion settings for this character.
Package microtype Info: Character `Ḃ' is missing
(microtype)             in font `\TU/TeXGyrePagella(0)/m/n/10'.
(microtype)             Ignoring protrusion settings for this character.
Package microtype Info: Character `Ḅ' is missing
(microtype)             in font `\TU/TeXGyrePagella(0)/m/n/10'.
(microtype)             Ignoring protrusion settings for this character.
Package microtype Info: Character `Ḇ' is missing
(microtype)             in font `\TU/TeXGyrePagella(0)/m/n/10'.
(microtype)             Ignoring protrusion settings for this character.
Package microtype Info: Character `Ḉ' is missing
(microtype)             in font `\TU/TeXGyrePagella(0)/m/n/10'.
(microtype)             Ignoring protrusion settings for this character.
Package microtype Info: Character `Ḋ' is missing
(microtype)             in font `\TU/TeXGyrePagella(0)/m/n/10'.
(microtype)             Ignoring protrusion settings for this character.
Package microtype Info: Character `Ḑ' is missing
(microtype)             in font `\TU/TeXGyrePagella(0)/m/n/10'.
(microtype)             Ignoring protrusion settings for this character.
Package microtype Info: Character `Ḓ' is missing
(microtype)             in font `\TU/TeXGyrePagella(0)/m/n/10'.
(microtype)             Ignoring protrusion settings for this character.
Package microtype Info: Character `Ȩ' is missing
(microtype)             in font `\TU/TeXGyrePagella(0)/m/n/10'.
(microtype)             Ignoring protrusion settings for this character.
Package microtype Info: Character `Ȇ' is missing
(microtype)             in font `\TU/TeXGyrePagella(0)/m/n/10'.
(microtype)             Ignoring protrusion settings for this character.
Package microtype Info: Character `Ḕ' is missing
(microtype)             in font `\TU/TeXGyrePagella(0)/m/n/10'.
(microtype)             Ignoring protrusion settings for this character.
Package microtype Info: Character `Ḗ' is missing
(microtype)             in font `\TU/TeXGyrePagella(0)/m/n/10'.
(microtype)             Ignoring protrusion settings for this character.
Package microtype Info: Character `Ḙ' is missing
(microtype)             in font `\TU/TeXGyrePagella(0)/m/n/10'.
(microtype)             Ignoring protrusion settings for this character.
Package microtype Info: Character `Ḛ' is missing
(microtype)             in font `\TU/TeXGyrePagella(0)/m/n/10'.
(microtype)             Ignoring protrusion settings for this character.
Package microtype Info: Character `Ḝ' is missing
(microtype)             in font `\TU/TeXGyrePagella(0)/m/n/10'.
(microtype)             Ignoring protrusion settings for this character.
Package microtype Info: Character `Ḟ' is missing
(microtype)             in font `\TU/TeXGyrePagella(0)/m/n/10'.
(microtype)             Ignoring protrusion settings for this character.
Package microtype Info: Character `Ḡ' is missing
(microtype)             in font `\TU/TeXGyrePagella(0)/m/n/10'.
(microtype)             Ignoring protrusion settings for this character.
Package microtype Info: Character `Ȟ' is missing
(microtype)             in font `\TU/TeXGyrePagella(0)/m/n/10'.
(microtype)             Ignoring protrusion settings for this character.
Package microtype Info: Character `Ḣ' is missing
(microtype)             in font `\TU/TeXGyrePagella(0)/m/n/10'.
(microtype)             Ignoring protrusion settings for this character.
Package microtype Info: Character `Ḩ' is missing
(microtype)             in font `\TU/TeXGyrePagella(0)/m/n/10'.
(microtype)             Ignoring protrusion settings for this character.
Package microtype Info: Character `Ȋ' is missing
(microtype)             in font `\TU/TeXGyrePagella(0)/m/n/10'.
(microtype)             Ignoring protrusion settings for this character.
Package microtype Info: Character `Ḭ' is missing
(microtype)             in font `\TU/TeXGyrePagella(0)/m/n/10'.
(microtype)             Ignoring protrusion settings for this character.
Package microtype Info: Character `Ǩ' is missing
(microtype)             in font `\TU/TeXGyrePagella(0)/m/n/10'.
(microtype)             Ignoring protrusion settings for this character.
Package microtype Info: Character `Ḱ' is missing
(microtype)             in font `\TU/TeXGyrePagella(0)/m/n/10'.
(microtype)             Ignoring protrusion settings for this character.
Package microtype Info: Character `Ḳ' is missing
(microtype)             in font `\TU/TeXGyrePagella(0)/m/n/10'.
(microtype)             Ignoring protrusion settings for this character.
Package microtype Info: Character `Ḵ' is missing
(microtype)             in font `\TU/TeXGyrePagella(0)/m/n/10'.
(microtype)             Ignoring protrusion settings for this character.
Package microtype Info: Character `Ḻ' is missing
(microtype)             in font `\TU/TeXGyrePagella(0)/m/n/10'.
(microtype)             Ignoring protrusion settings for this character.
Package microtype Info: Character `Ḽ' is missing
(microtype)             in font `\TU/TeXGyrePagella(0)/m/n/10'.
(microtype)             Ignoring protrusion settings for this character.
Package microtype Info: Character `Ỻ' is missing
(microtype)             in font `\TU/TeXGyrePagella(0)/m/n/10'.
(microtype)             Ignoring protrusion settings for this character.
Package microtype Info: Character `Ḿ' is missing
(microtype)             in font `\TU/TeXGyrePagella(0)/m/n/10'.
(microtype)             Ignoring protrusion settings for this character.
Package microtype Info: Character `Ṁ' is missing
(microtype)             in font `\TU/TeXGyrePagella(0)/m/n/10'.
(microtype)             Ignoring protrusion settings for this character.
Package microtype Info: Character `Ǹ' is missing
(microtype)             in font `\TU/TeXGyrePagella(0)/m/n/10'.
(microtype)             Ignoring protrusion settings for this character.
Package microtype Info: Character `Ṉ' is missing
(microtype)             in font `\TU/TeXGyrePagella(0)/m/n/10'.
(microtype)             Ignoring protrusion settings for this character.
Package microtype Info: Character `Ṋ' is missing
(microtype)             in font `\TU/TeXGyrePagella(0)/m/n/10'.
(microtype)             Ignoring protrusion settings for this character.
Package microtype Info: Character `Ǭ' is missing
(microtype)             in font `\TU/TeXGyrePagella(0)/m/n/10'.
(microtype)             Ignoring protrusion settings for this character.
Package microtype Info: Character `Ȏ' is missing
(microtype)             in font `\TU/TeXGyrePagella(0)/m/n/10'.
(microtype)             Ignoring protrusion settings for this character.
Package microtype Info: Character `Ȫ' is missing
(microtype)             in font `\TU/TeXGyrePagella(0)/m/n/10'.
(microtype)             Ignoring protrusion settings for this character.
Package microtype Info: Character `Ȭ' is missing
(microtype)             in font `\TU/TeXGyrePagella(0)/m/n/10'.
(microtype)             Ignoring protrusion settings for this character.
Package microtype Info: Character `Ȯ' is missing
(microtype)             in font `\TU/TeXGyrePagella(0)/m/n/10'.
(microtype)             Ignoring protrusion settings for this character.
Package microtype Info: Character `Ȱ' is missing
(microtype)             in font `\TU/TeXGyrePagella(0)/m/n/10'.
(microtype)             Ignoring protrusion settings for this character.
Package microtype Info: Character `Ṍ' is missing
(microtype)             in font `\TU/TeXGyrePagella(0)/m/n/10'.
(microtype)             Ignoring protrusion settings for this character.
Package microtype Info: Character `Ṏ' is missing
(microtype)             in font `\TU/TeXGyrePagella(0)/m/n/10'.
(microtype)             Ignoring protrusion settings for this character.
Package microtype Info: Character `Ṑ' is missing
(microtype)             in font `\TU/TeXGyrePagella(0)/m/n/10'.
(microtype)             Ignoring protrusion settings for this character.
Package microtype Info: Character `Ṓ' is missing
(microtype)             in font `\TU/TeXGyrePagella(0)/m/n/10'.
(microtype)             Ignoring protrusion settings for this character.
Package microtype Info: Character `Ṕ' is missing
(microtype)             in font `\TU/TeXGyrePagella(0)/m/n/10'.
(microtype)             Ignoring protrusion settings for this character.
Package microtype Info: Character `Ṗ' is missing
(microtype)             in font `\TU/TeXGyrePagella(0)/m/n/10'.
(microtype)             Ignoring protrusion settings for this character.
Package microtype Info: Character `Ȓ' is missing
(microtype)             in font `\TU/TeXGyrePagella(0)/m/n/10'.
(microtype)             Ignoring protrusion settings for this character.
Package microtype Info: Character `Ṟ' is missing
(microtype)             in font `\TU/TeXGyrePagella(0)/m/n/10'.
(microtype)             Ignoring protrusion settings for this character.
Package microtype Info: Character `Ṡ' is missing
(microtype)             in font `\TU/TeXGyrePagella(0)/m/n/10'.
(microtype)             Ignoring protrusion settings for this character.
Package microtype Info: Character `Ṥ' is missing
(microtype)             in font `\TU/TeXGyrePagella(0)/m/n/10'.
(microtype)             Ignoring protrusion settings for this character.
Package microtype Info: Character `Ṧ' is missing
(microtype)             in font `\TU/TeXGyrePagella(0)/m/n/10'.
(microtype)             Ignoring protrusion settings for this character.
Package microtype Info: Character `Ṩ' is missing
(microtype)             in font `\TU/TeXGyrePagella(0)/m/n/10'.
(microtype)             Ignoring protrusion settings for this character.
Package microtype Info: Character `Ṫ' is missing
(microtype)             in font `\TU/TeXGyrePagella(0)/m/n/10'.
(microtype)             Ignoring protrusion settings for this character.
Package microtype Info: Character `Ṱ' is missing
(microtype)             in font `\TU/TeXGyrePagella(0)/m/n/10'.
(microtype)             Ignoring protrusion settings for this character.
Package microtype Info: Character `Ǖ' is missing
(microtype)             in font `\TU/TeXGyrePagella(0)/m/n/10'.
(microtype)             Ignoring protrusion settings for this character.
Package microtype Info: Character `Ȗ' is missing
(microtype)             in font `\TU/TeXGyrePagella(0)/m/n/10'.
(microtype)             Ignoring protrusion settings for this character.
Package microtype Info: Character `Ṳ' is missing
(microtype)             in font `\TU/TeXGyrePagella(0)/m/n/10'.
(microtype)             Ignoring protrusion settings for this character.
Package microtype Info: Character `Ṵ' is missing
(microtype)             in font `\TU/TeXGyrePagella(0)/m/n/10'.
(microtype)             Ignoring protrusion settings for this character.
Package microtype Info: Character `Ṷ' is missing
(microtype)             in font `\TU/TeXGyrePagella(0)/m/n/10'.
(microtype)             Ignoring protrusion settings for this character.
Package microtype Info: Character `Ṹ' is missing
(microtype)             in font `\TU/TeXGyrePagella(0)/m/n/10'.
(microtype)             Ignoring protrusion settings for this character.
Package microtype Info: Character `Ṻ' is missing
(microtype)             in font `\TU/TeXGyrePagella(0)/m/n/10'.
(microtype)             Ignoring protrusion settings for this character.
Package microtype Info: Character `Ṽ' is missing
(microtype)             in font `\TU/TeXGyrePagella(0)/m/n/10'.
(microtype)             Ignoring protrusion settings for this character.
Package microtype Info: Character `Ṿ' is missing
(microtype)             in font `\TU/TeXGyrePagella(0)/m/n/10'.
(microtype)             Ignoring protrusion settings for this character.
Package microtype Info: Character `Ẇ' is missing
(microtype)             in font `\TU/TeXGyrePagella(0)/m/n/10'.
(microtype)             Ignoring protrusion settings for this character.
Package microtype Info: Character `Ẉ' is missing
(microtype)             in font `\TU/TeXGyrePagella(0)/m/n/10'.
(microtype)             Ignoring protrusion settings for this character.
Package microtype Info: Character `Ẋ' is missing
(microtype)             in font `\TU/TeXGyrePagella(0)/m/n/10'.
(microtype)             Ignoring protrusion settings for this character.
Package microtype Info: Character `Ẍ' is missing
(microtype)             in font `\TU/TeXGyrePagella(0)/m/n/10'.
(microtype)             Ignoring protrusion settings for this character.
Package microtype Info: Character `Ȳ' is missing
(microtype)             in font `\TU/TeXGyrePagella(0)/m/n/10'.
(microtype)             Ignoring protrusion settings for this character.
Package microtype Info: Character `Ẏ' is missing
(microtype)             in font `\TU/TeXGyrePagella(0)/m/n/10'.
(microtype)             Ignoring protrusion settings for this character.
Package microtype Info: Character `Ẑ' is missing
(microtype)             in font `\TU/TeXGyrePagella(0)/m/n/10'.
(microtype)             Ignoring protrusion settings for this character.
Package microtype Info: Character `Ẕ' is missing
(microtype)             in font `\TU/TeXGyrePagella(0)/m/n/10'.
(microtype)             Ignoring protrusion settings for this character.
Package microtype Info: Character `ǟ' is missing
(microtype)             in font `\TU/TeXGyrePagella(0)/m/n/10'.
(microtype)             Ignoring protrusion settings for this character.
Package microtype Info: Character `ǡ' is missing
(microtype)             in font `\TU/TeXGyrePagella(0)/m/n/10'.
(microtype)             Ignoring protrusion settings for this character.
Package microtype Info: Character `ȧ' is missing
(microtype)             in font `\TU/TeXGyrePagella(0)/m/n/10'.
(microtype)             Ignoring protrusion settings for this character.
Package microtype Info: Character `ȃ' is missing
(microtype)             in font `\TU/TeXGyrePagella(0)/m/n/10'.
(microtype)             Ignoring protrusion settings for this character.
Package microtype Info: Character `ḁ' is missing
(microtype)             in font `\TU/TeXGyrePagella(0)/m/n/10'.
(microtype)             Ignoring protrusion settings for this character.
Package microtype Info: Character `ḃ' is missing
(microtype)             in font `\TU/TeXGyrePagella(0)/m/n/10'.
(microtype)             Ignoring protrusion settings for this character.
Package microtype Info: Character `ḅ' is missing
(microtype)             in font `\TU/TeXGyrePagella(0)/m/n/10'.
(microtype)             Ignoring protrusion settings for this character.
Package microtype Info: Character `ḇ' is missing
(microtype)             in font `\TU/TeXGyrePagella(0)/m/n/10'.
(microtype)             Ignoring protrusion settings for this character.
Package microtype Info: Character `ḉ' is missing
(microtype)             in font `\TU/TeXGyrePagella(0)/m/n/10'.
(microtype)             Ignoring protrusion settings for this character.
Package microtype Info: Character `ḋ' is missing
(microtype)             in font `\TU/TeXGyrePagella(0)/m/n/10'.
(microtype)             Ignoring protrusion settings for this character.
Package microtype Info: Character `ḑ' is missing
(microtype)             in font `\TU/TeXGyrePagella(0)/m/n/10'.
(microtype)             Ignoring protrusion settings for this character.
Package microtype Info: Character `ḓ' is missing
(microtype)             in font `\TU/TeXGyrePagella(0)/m/n/10'.
(microtype)             Ignoring protrusion settings for this character.
Package microtype Info: Character `ȩ' is missing
(microtype)             in font `\TU/TeXGyrePagella(0)/m/n/10'.
(microtype)             Ignoring protrusion settings for this character.
Package microtype Info: Character `ȇ' is missing
(microtype)             in font `\TU/TeXGyrePagella(0)/m/n/10'.
(microtype)             Ignoring protrusion settings for this character.
Package microtype Info: Character `ḕ' is missing
(microtype)             in font `\TU/TeXGyrePagella(0)/m/n/10'.
(microtype)             Ignoring protrusion settings for this character.
Package microtype Info: Character `ḗ' is missing
(microtype)             in font `\TU/TeXGyrePagella(0)/m/n/10'.
(microtype)             Ignoring protrusion settings for this character.
Package microtype Info: Character `ḙ' is missing
(microtype)             in font `\TU/TeXGyrePagella(0)/m/n/10'.
(microtype)             Ignoring protrusion settings for this character.
Package microtype Info: Character `ḛ' is missing
(microtype)             in font `\TU/TeXGyrePagella(0)/m/n/10'.
(microtype)             Ignoring protrusion settings for this character.
Package microtype Info: Character `ḝ' is missing
(microtype)             in font `\TU/TeXGyrePagella(0)/m/n/10'.
(microtype)             Ignoring protrusion settings for this character.
Package microtype Info: Character `ḟ' is missing
(microtype)             in font `\TU/TeXGyrePagella(0)/m/n/10'.
(microtype)             Ignoring protrusion settings for this character.
Package microtype Info: Character `ḡ' is missing
(microtype)             in font `\TU/TeXGyrePagella(0)/m/n/10'.
(microtype)             Ignoring protrusion settings for this character.
Package microtype Info: Character `ȟ' is missing
(microtype)             in font `\TU/TeXGyrePagella(0)/m/n/10'.
(microtype)             Ignoring protrusion settings for this character.
Package microtype Info: Character `ḣ' is missing
(microtype)             in font `\TU/TeXGyrePagella(0)/m/n/10'.
(microtype)             Ignoring protrusion settings for this character.
Package microtype Info: Character `ḩ' is missing
(microtype)             in font `\TU/TeXGyrePagella(0)/m/n/10'.
(microtype)             Ignoring protrusion settings for this character.
Package microtype Info: Character `ẖ' is missing
(microtype)             in font `\TU/TeXGyrePagella(0)/m/n/10'.
(microtype)             Ignoring protrusion settings for this character.
Package microtype Info: Character `ḭ' is missing
(microtype)             in font `\TU/TeXGyrePagella(0)/m/n/10'.
(microtype)             Ignoring protrusion settings for this character.
Package microtype Info: Character `ȋ' is missing
(microtype)             in font `\TU/TeXGyrePagella(0)/m/n/10'.
(microtype)             Ignoring protrusion settings for this character.
Package microtype Info: Character `ǩ' is missing
(microtype)             in font `\TU/TeXGyrePagella(0)/m/n/10'.
(microtype)             Ignoring protrusion settings for this character.
Package microtype Info: Character `ḱ' is missing
(microtype)             in font `\TU/TeXGyrePagella(0)/m/n/10'.
(microtype)             Ignoring protrusion settings for this character.
Package microtype Info: Character `ḳ' is missing
(microtype)             in font `\TU/TeXGyrePagella(0)/m/n/10'.
(microtype)             Ignoring protrusion settings for this character.
Package microtype Info: Character `ḵ' is missing
(microtype)             in font `\TU/TeXGyrePagella(0)/m/n/10'.
(microtype)             Ignoring protrusion settings for this character.
Package microtype Info: Character `ḻ' is missing
(microtype)             in font `\TU/TeXGyrePagella(0)/m/n/10'.
(microtype)             Ignoring protrusion settings for this character.
Package microtype Info: Character `ḽ' is missing
(microtype)             in font `\TU/TeXGyrePagella(0)/m/n/10'.
(microtype)             Ignoring protrusion settings for this character.
Package microtype Info: Character `ḿ' is missing
(microtype)             in font `\TU/TeXGyrePagella(0)/m/n/10'.
(microtype)             Ignoring protrusion settings for this character.
Package microtype Info: Character `ṁ' is missing
(microtype)             in font `\TU/TeXGyrePagella(0)/m/n/10'.
(microtype)             Ignoring protrusion settings for this character.
Package microtype Info: Character `ǹ' is missing
(microtype)             in font `\TU/TeXGyrePagella(0)/m/n/10'.
(microtype)             Ignoring protrusion settings for this character.
Package microtype Info: Character `ṉ' is missing
(microtype)             in font `\TU/TeXGyrePagella(0)/m/n/10'.
(microtype)             Ignoring protrusion settings for this character.
Package microtype Info: Character `ṋ' is missing
(microtype)             in font `\TU/TeXGyrePagella(0)/m/n/10'.
(microtype)             Ignoring protrusion settings for this character.
Package microtype Info: Character `ǭ' is missing
(microtype)             in font `\TU/TeXGyrePagella(0)/m/n/10'.
(microtype)             Ignoring protrusion settings for this character.
Package microtype Info: Character `ȏ' is missing
(microtype)             in font `\TU/TeXGyrePagella(0)/m/n/10'.
(microtype)             Ignoring protrusion settings for this character.
Package microtype Info: Character `ȫ' is missing
(microtype)             in font `\TU/TeXGyrePagella(0)/m/n/10'.
(microtype)             Ignoring protrusion settings for this character.
Package microtype Info: Character `ȭ' is missing
(microtype)             in font `\TU/TeXGyrePagella(0)/m/n/10'.
(microtype)             Ignoring protrusion settings for this character.
Package microtype Info: Character `ȯ' is missing
(microtype)             in font `\TU/TeXGyrePagella(0)/m/n/10'.
(microtype)             Ignoring protrusion settings for this character.
Package microtype Info: Character `ȱ' is missing
(microtype)             in font `\TU/TeXGyrePagella(0)/m/n/10'.
(microtype)             Ignoring protrusion settings for this character.
Package microtype Info: Character `ṍ' is missing
(microtype)             in font `\TU/TeXGyrePagella(0)/m/n/10'.
(microtype)             Ignoring protrusion settings for this character.
Package microtype Info: Character `ṏ' is missing
(microtype)             in font `\TU/TeXGyrePagella(0)/m/n/10'.
(microtype)             Ignoring protrusion settings for this character.
Package microtype Info: Character `ṑ' is missing
(microtype)             in font `\TU/TeXGyrePagella(0)/m/n/10'.
(microtype)             Ignoring protrusion settings for this character.
Package microtype Info: Character `ṓ' is missing
(microtype)             in font `\TU/TeXGyrePagella(0)/m/n/10'.
(microtype)             Ignoring protrusion settings for this character.
Package microtype Info: Character `ṕ' is missing
(microtype)             in font `\TU/TeXGyrePagella(0)/m/n/10'.
(microtype)             Ignoring protrusion settings for this character.
Package microtype Info: Character `ṗ' is missing
(microtype)             in font `\TU/TeXGyrePagella(0)/m/n/10'.
(microtype)             Ignoring protrusion settings for this character.
Package microtype Info: Character `ȓ' is missing
(microtype)             in font `\TU/TeXGyrePagella(0)/m/n/10'.
(microtype)             Ignoring protrusion settings for this character.
Package microtype Info: Character `ṟ' is missing
(microtype)             in font `\TU/TeXGyrePagella(0)/m/n/10'.
(microtype)             Ignoring protrusion settings for this character.
Package microtype Info: Character `ṡ' is missing
(microtype)             in font `\TU/TeXGyrePagella(0)/m/n/10'.
(microtype)             Ignoring protrusion settings for this character.
Package microtype Info: Character `ṥ' is missing
(microtype)             in font `\TU/TeXGyrePagella(0)/m/n/10'.
(microtype)             Ignoring protrusion settings for this character.
Package microtype Info: Character `ṧ' is missing
(microtype)             in font `\TU/TeXGyrePagella(0)/m/n/10'.
(microtype)             Ignoring protrusion settings for this character.
Package microtype Info: Character `ṩ' is missing
(microtype)             in font `\TU/TeXGyrePagella(0)/m/n/10'.
(microtype)             Ignoring protrusion settings for this character.
Package microtype Info: Character `ṫ' is missing
(microtype)             in font `\TU/TeXGyrePagella(0)/m/n/10'.
(microtype)             Ignoring protrusion settings for this character.
Package microtype Info: Character `ṱ' is missing
(microtype)             in font `\TU/TeXGyrePagella(0)/m/n/10'.
(microtype)             Ignoring protrusion settings for this character.
Package microtype Info: Character `ǖ' is missing
(microtype)             in font `\TU/TeXGyrePagella(0)/m/n/10'.
(microtype)             Ignoring protrusion settings for this character.
Package microtype Info: Character `ȗ' is missing
(microtype)             in font `\TU/TeXGyrePagella(0)/m/n/10'.
(microtype)             Ignoring protrusion settings for this character.
Package microtype Info: Character `ṳ' is missing
(microtype)             in font `\TU/TeXGyrePagella(0)/m/n/10'.
(microtype)             Ignoring protrusion settings for this character.
Package microtype Info: Character `ṵ' is missing
(microtype)             in font `\TU/TeXGyrePagella(0)/m/n/10'.
(microtype)             Ignoring protrusion settings for this character.
Package microtype Info: Character `ṷ' is missing
(microtype)             in font `\TU/TeXGyrePagella(0)/m/n/10'.
(microtype)             Ignoring protrusion settings for this character.
Package microtype Info: Character `ṹ' is missing
(microtype)             in font `\TU/TeXGyrePagella(0)/m/n/10'.
(microtype)             Ignoring protrusion settings for this character.
Package microtype Info: Character `ṻ' is missing
(microtype)             in font `\TU/TeXGyrePagella(0)/m/n/10'.
(microtype)             Ignoring protrusion settings for this character.
Package microtype Info: Character `ṽ' is missing
(microtype)             in font `\TU/TeXGyrePagella(0)/m/n/10'.
(microtype)             Ignoring protrusion settings for this character.
Package microtype Info: Character `ṿ' is missing
(microtype)             in font `\TU/TeXGyrePagella(0)/m/n/10'.
(microtype)             Ignoring protrusion settings for this character.
Package microtype Info: Character `ẇ' is missing
(microtype)             in font `\TU/TeXGyrePagella(0)/m/n/10'.
(microtype)             Ignoring protrusion settings for this character.
Package microtype Info: Character `ẉ' is missing
(microtype)             in font `\TU/TeXGyrePagella(0)/m/n/10'.
(microtype)             Ignoring protrusion settings for this character.
Package microtype Info: Character `ẘ' is missing
(microtype)             in font `\TU/TeXGyrePagella(0)/m/n/10'.
(microtype)             Ignoring protrusion settings for this character.
Package microtype Info: Character `ẋ' is missing
(microtype)             in font `\TU/TeXGyrePagella(0)/m/n/10'.
(microtype)             Ignoring protrusion settings for this character.
Package microtype Info: Character `ẍ' is missing
(microtype)             in font `\TU/TeXGyrePagella(0)/m/n/10'.
(microtype)             Ignoring protrusion settings for this character.
Package microtype Info: Character `ȳ' is missing
(microtype)             in font `\TU/TeXGyrePagella(0)/m/n/10'.
(microtype)             Ignoring protrusion settings for this character.
Package microtype Info: Character `ẏ' is missing
(microtype)             in font `\TU/TeXGyrePagella(0)/m/n/10'.
(microtype)             Ignoring protrusion settings for this character.
Package microtype Info: Character `ẙ' is missing
(microtype)             in font `\TU/TeXGyrePagella(0)/m/n/10'.
(microtype)             Ignoring protrusion settings for this character.
Package microtype Info: Character `ẑ' is missing
(microtype)             in font `\TU/TeXGyrePagella(0)/m/n/10'.
(microtype)             Ignoring protrusion settings for this character.
Package microtype Info: Character `ẕ' is missing
(microtype)             in font `\TU/TeXGyrePagella(0)/m/n/10'.
(microtype)             Ignoring protrusion settings for this character.
Package microtype Info: Character `ﬆ' is missing
(microtype)             in font `\TU/TeXGyrePagella(0)/m/n/10'.
(microtype)             Ignoring protrusion settings for this character.
Package microtype Info: Character `ﬅ' is missing
(microtype)             in font `\TU/TeXGyrePagella(0)/m/n/10'.
(microtype)             Ignoring protrusion settings for this character.
Package microtype Info: Character `‥' is missing
(microtype)             in font `\TU/TeXGyrePagella(0)/m/n/10'.
(microtype)             Ignoring protrusion settings for this character.
Package microtype Info: Character `‼' is missing
(microtype)             in font `\TU/TeXGyrePagella(0)/m/n/10'.
(microtype)             Ignoring protrusion settings for this character.
Package microtype Info: Character `⁰' is missing
(microtype)             in font `\TU/TeXGyrePagella(0)/m/n/10'.
(microtype)             Ignoring protrusion settings for this character.
Package microtype Info: Character `⁴' is missing
(microtype)             in font `\TU/TeXGyrePagella(0)/m/n/10'.
(microtype)             Ignoring protrusion settings for this character.
Package microtype Info: Character `⁵' is missing
(microtype)             in font `\TU/TeXGyrePagella(0)/m/n/10'.
(microtype)             Ignoring protrusion settings for this character.
Package microtype Info: Character `⁶' is missing
(microtype)             in font `\TU/TeXGyrePagella(0)/m/n/10'.
(microtype)             Ignoring protrusion settings for this character.
Package microtype Info: Character `⁷' is missing
(microtype)             in font `\TU/TeXGyrePagella(0)/m/n/10'.
(microtype)             Ignoring protrusion settings for this character.
Package microtype Info: Character `⁸' is missing
(microtype)             in font `\TU/TeXGyrePagella(0)/m/n/10'.
(microtype)             Ignoring protrusion settings for this character.
Package microtype Info: Character `⁹' is missing
(microtype)             in font `\TU/TeXGyrePagella(0)/m/n/10'.
(microtype)             Ignoring protrusion settings for this character.
Package microtype Info: Character `₀' is missing
(microtype)             in font `\TU/TeXGyrePagella(0)/m/n/10'.
(microtype)             Ignoring protrusion settings for this character.
Package microtype Info: Character `₁' is missing
(microtype)             in font `\TU/TeXGyrePagella(0)/m/n/10'.
(microtype)             Ignoring protrusion settings for this character.
Package microtype Info: Character `₂' is missing
(microtype)             in font `\TU/TeXGyrePagella(0)/m/n/10'.
(microtype)             Ignoring protrusion settings for this character.
Package microtype Info: Character `₃' is missing
(microtype)             in font `\TU/TeXGyrePagella(0)/m/n/10'.
(microtype)             Ignoring protrusion settings for this character.
Package microtype Info: Character `₄' is missing
(microtype)             in font `\TU/TeXGyrePagella(0)/m/n/10'.
(microtype)             Ignoring protrusion settings for this character.
Package microtype Info: Character `₅' is missing
(microtype)             in font `\TU/TeXGyrePagella(0)/m/n/10'.
(microtype)             Ignoring protrusion settings for this character.
Package microtype Info: Character `₆' is missing
(microtype)             in font `\TU/TeXGyrePagella(0)/m/n/10'.
(microtype)             Ignoring protrusion settings for this character.
Package microtype Info: Character `₇' is missing
(microtype)             in font `\TU/TeXGyrePagella(0)/m/n/10'.
(microtype)             Ignoring protrusion settings for this character.
Package microtype Info: Character `₈' is missing
(microtype)             in font `\TU/TeXGyrePagella(0)/m/n/10'.
(microtype)             Ignoring protrusion settings for this character.
Package microtype Info: Character `₉' is missing
(microtype)             in font `\TU/TeXGyrePagella(0)/m/n/10'.
(microtype)             Ignoring protrusion settings for this character.
Package microtype Info: Character `₊' is missing
(microtype)             in font `\TU/TeXGyrePagella(0)/m/n/10'.
(microtype)             Ignoring protrusion settings for this character.
Package microtype Info: Character `₋' is missing
(microtype)             in font `\TU/TeXGyrePagella(0)/m/n/10'.
(microtype)             Ignoring protrusion settings for this character.
Package microtype Info: Character `⁺' is missing
(microtype)             in font `\TU/TeXGyrePagella(0)/m/n/10'.
(microtype)             Ignoring protrusion settings for this character.
Package microtype Info: Character `⁻' is missing
(microtype)             in font `\TU/TeXGyrePagella(0)/m/n/10'.
(microtype)             Ignoring protrusion settings for this character.
\c@lstlisting=\count345
Package microtype Info: Loading generic protrusion settings for font family
(microtype)             `TeXGyreHeros' (encoding: TU).
(microtype)             For optimal results, create family-specific settings.
(microtype)             See the microtype manual for details.

! Undefined control sequence.
\MakeTextUppercase  ...oexpand ##1}}\@uclcnotmath 
                                                  {\uppercase }{\def \NoCase...
l.140 \maketitle
                
The control sequence at the end of the top line
of your error message was never \def'ed. If you have
misspelled it (e.g., `\hobx'), type `I' and the correct
spelling (e.g., `I\hbox'). Otherwise just continue,
and I'll forget about whatever was undefined.

! Missing { inserted.
<to be read again> 
                   }
l.140 \maketitle
                
A left brace was mandatory here, so I've put one in.
You might want to delete and/or insert some corrections
so that I will find a matching right brace soon.
(If you're confused by all this, try typing `I}' now.)

! Incompatible list can't be unboxed.
\SOUL@analyze ->{\setbox \z@ \vbox {\unvcopy \z@ 
                                                 \unskip \unpenalty \global ...
l.140 \maketitle
                
Sorry, Pandora. (You sneaky devil.)
I refuse to unbox an \hbox in vertical mode or vice versa.
And I can't open any boxes in math mode.

! Undefined control sequence.
\MakeTextUppercase  ...oexpand ##1}}\@uclcnotmath 
                                                  {\uppercase }{\def \NoCase...
l.140 \maketitle
                
The control sequence at the end of the top line
of your error message was never \def'ed. If you have
misspelled it (e.g., `\hobx'), type `I' and the correct
spelling (e.g., `I\hbox'). Otherwise just continue,
and I'll forget about whatever was undefined.

! Missing { inserted.
<to be read again> 
                   }
l.140 \maketitle
                
A left brace was mandatory here, so I've put one in.
You might want to delete and/or insert some corrections
so that I will find a matching right brace soon.
(If you're confused by all this, try typing `I}' now.)

! Incompatible list can't be unboxed.
\SOUL@analyze ->{\setbox \z@ \vbox {\unvcopy \z@ 
                                                 \unskip \unpenalty \global ...
l.140 \maketitle
                
Sorry, Pandora. (You sneaky devil.)
I refuse to unbox an \hbox in vertical mode or vice versa.
And I can't open any boxes in math mode.

! Undefined control sequence.
\MakeTextUppercase  ...oexpand ##1}}\@uclcnotmath 
                                                  {\uppercase }{\def \NoCase...
l.140 \maketitle
                
The control sequence at the end of the top line
of your error message was never \def'ed. If you have
misspelled it (e.g., `\hobx'), type `I' and the correct
spelling (e.g., `I\hbox'). Otherwise just continue,
and I'll forget about whatever was undefined.

! Missing { inserted.
<to be read again> 
                   }
l.140 \maketitle
                
A left brace was mandatory here, so I've put one in.
You might want to delete and/or insert some corrections
so that I will find a matching right brace soon.
(If you're confused by all this, try typing `I}' now.)

! Incompatible list can't be unboxed.
\SOUL@analyze ->{\setbox \z@ \vbox {\unvcopy \z@ 
                                                 \unskip \unpenalty \global ...
l.140 \maketitle
                
Sorry, Pandora. (You sneaky devil.)
I refuse to unbox an \hbox in vertical mode or vice versa.
And I can't open any boxes in math mode.

! Missing } inserted.
<inserted text> 
                }
l.140 \maketitle
                
I've inserted something that you may have forgotten.
(See the <inserted text> above.)
With luck, this will get me unwedged. But if you
really didn't forget anything, try typing `2' now; then
my insertion and my current dilemma will both disappear.

! Missing } inserted.
<inserted text> 
                }
l.140 \maketitle
                
I've inserted something that you may have forgotten.
(See the <inserted text> above.)
With luck, this will get me unwedged. But if you
really didn't forget anything, try typing `2' now; then
my insertion and my current dilemma will both disappear.

! Missing } inserted.
<inserted text> 
                }
l.140 \maketitle
                
I've inserted something that you may have forgotten.
(See the <inserted text> above.)
With luck, this will get me unwedged. But if you
really didn't forget anything, try typing `2' now; then
my insertion and my current dilemma will both disappear.



[1


]

[2


]
Package microtype Info: Character `ﬆ' is missing
(microtype)             in font `\TU/TeXGyrePagella(0)/m/n/20.74'.
(microtype)             Ignoring protrusion settings for this character.
Package microtype Info: Character `ﬅ' is missing
(microtype)             in font `\TU/TeXGyrePagella(0)/m/n/20.74'.
(microtype)             Ignoring protrusion settings for this character.
Package microtype Info: Character `‥' is missing
(microtype)             in font `\TU/TeXGyrePagella(0)/m/n/20.74'.
(microtype)             Ignoring protrusion settings for this character.
Package microtype Info: Character `‼' is missing
(microtype)             in font `\TU/TeXGyrePagella(0)/m/n/20.74'.
(microtype)             Ignoring protrusion settings for this character.
Package microtype Info: Character `⁰' is missing
(microtype)             in font `\TU/TeXGyrePagella(0)/m/n/20.74'.
(microtype)             Ignoring protrusion settings for this character.
Package microtype Info: Character `⁴' is missing
(microtype)             in font `\TU/TeXGyrePagella(0)/m/n/20.74'.
(microtype)             Ignoring protrusion settings for this character.
Package microtype Info: Character `⁵' is missing
(microtype)             in font `\TU/TeXGyrePagella(0)/m/n/20.74'.
(microtype)             Ignoring protrusion settings for this character.
Package microtype Info: Character `⁶' is missing
(microtype)             in font `\TU/TeXGyrePagella(0)/m/n/20.74'.
(microtype)             Ignoring protrusion settings for this character.
Package microtype Info: Character `⁷' is missing
(microtype)             in font `\TU/TeXGyrePagella(0)/m/n/20.74'.
(microtype)             Ignoring protrusion settings for this character.
Package microtype Info: Character `⁸' is missing
(microtype)             in font `\TU/TeXGyrePagella(0)/m/n/20.74'.
(microtype)             Ignoring protrusion settings for this character.
Package microtype Info: Character `⁹' is missing
(microtype)             in font `\TU/TeXGyrePagella(0)/m/n/20.74'.
(microtype)             Ignoring protrusion settings for this character.
Package microtype Info: Character `₀' is missing
(microtype)             in font `\TU/TeXGyrePagella(0)/m/n/20.74'.
(microtype)             Ignoring protrusion settings for this character.
Package microtype Info: Character `₁' is missing
(microtype)             in font `\TU/TeXGyrePagella(0)/m/n/20.74'.
(microtype)             Ignoring protrusion settings for this character.
Package microtype Info: Character `₂' is missing
(microtype)             in font `\TU/TeXGyrePagella(0)/m/n/20.74'.
(microtype)             Ignoring protrusion settings for this character.
Package microtype Info: Character `₃' is missing
(microtype)             in font `\TU/TeXGyrePagella(0)/m/n/20.74'.
(microtype)             Ignoring protrusion settings for this character.
Package microtype Info: Character `₄' is missing
(microtype)             in font `\TU/TeXGyrePagella(0)/m/n/20.74'.
(microtype)             Ignoring protrusion settings for this character.
Package microtype Info: Character `₅' is missing
(microtype)             in font `\TU/TeXGyrePagella(0)/m/n/20.74'.
(microtype)             Ignoring protrusion settings for this character.
Package microtype Info: Character `₆' is missing
(microtype)             in font `\TU/TeXGyrePagella(0)/m/n/20.74'.
(microtype)             Ignoring protrusion settings for this character.
Package microtype Info: Character `₇' is missing
(microtype)             in font `\TU/TeXGyrePagella(0)/m/n/20.74'.
(microtype)             Ignoring protrusion settings for this character.
Package microtype Info: Character `₈' is missing
(microtype)             in font `\TU/TeXGyrePagella(0)/m/n/20.74'.
(microtype)             Ignoring protrusion settings for this character.
Package microtype Info: Character `₉' is missing
(microtype)             in font `\TU/TeXGyrePagella(0)/m/n/20.74'.
(microtype)             Ignoring protrusion settings for this character.
Package microtype Info: Character `₊' is missing
(microtype)             in font `\TU/TeXGyrePagella(0)/m/n/20.74'.
(microtype)             Ignoring protrusion settings for this character.
Package microtype Info: Character `₋' is missing
(microtype)             in font `\TU/TeXGyrePagella(0)/m/n/20.74'.
(microtype)             Ignoring protrusion settings for this character.
Package microtype Info: Character `⁺' is missing
(microtype)             in font `\TU/TeXGyrePagella(0)/m/n/20.74'.
(microtype)             Ignoring protrusion settings for this character.
Package microtype Info: Character `⁻' is missing
(microtype)             in font `\TU/TeXGyrePagella(0)/m/n/20.74'.
(microtype)             Ignoring protrusion settings for this character.
Package microtype Info: Character `‥' is missing
(microtype)             in font `\TU/TeXGyrePagella(0)/m/it/20.74'.
(microtype)             Ignoring protrusion settings for this character.
Package microtype Info: Character `⁰' is missing
(microtype)             in font `\TU/TeXGyrePagella(0)/m/it/20.74'.
(microtype)             Ignoring protrusion settings for this character.
Package microtype Info: Character `⁴' is missing
(microtype)             in font `\TU/TeXGyrePagella(0)/m/it/20.74'.
(microtype)             Ignoring protrusion settings for this character.
Package microtype Info: Character `⁵' is missing
(microtype)             in font `\TU/TeXGyrePagella(0)/m/it/20.74'.
(microtype)             Ignoring protrusion settings for this character.
Package microtype Info: Character `⁶' is missing
(microtype)             in font `\TU/TeXGyrePagella(0)/m/it/20.74'.
(microtype)             Ignoring protrusion settings for this character.
Package microtype Info: Character `⁷' is missing
(microtype)             in font `\TU/TeXGyrePagella(0)/m/it/20.74'.
(microtype)             Ignoring protrusion settings for this character.
Package microtype Info: Character `⁸' is missing
(microtype)             in font `\TU/TeXGyrePagella(0)/m/it/20.74'.
(microtype)             Ignoring protrusion settings for this character.
Package microtype Info: Character `⁹' is missing
(microtype)             in font `\TU/TeXGyrePagella(0)/m/it/20.74'.
(microtype)             Ignoring protrusion settings for this character.
Package microtype Info: Character `₀' is missing
(microtype)             in font `\TU/TeXGyrePagella(0)/m/it/20.74'.
(microtype)             Ignoring protrusion settings for this character.
Package microtype Info: Character `₁' is missing
(microtype)             in font `\TU/TeXGyrePagella(0)/m/it/20.74'.
(microtype)             Ignoring protrusion settings for this character.
Package microtype Info: Character `₂' is missing
(microtype)             in font `\TU/TeXGyrePagella(0)/m/it/20.74'.
(microtype)             Ignoring protrusion settings for this character.
Package microtype Info: Character `₃' is missing
(microtype)             in font `\TU/TeXGyrePagella(0)/m/it/20.74'.
(microtype)             Ignoring protrusion settings for this character.
Package microtype Info: Character `₄' is missing
(microtype)             in font `\TU/TeXGyrePagella(0)/m/it/20.74'.
(microtype)             Ignoring protrusion settings for this character.
Package microtype Info: Character `₅' is missing
(microtype)             in font `\TU/TeXGyrePagella(0)/m/it/20.74'.
(microtype)             Ignoring protrusion settings for this character.
Package microtype Info: Character `₆' is missing
(microtype)             in font `\TU/TeXGyrePagella(0)/m/it/20.74'.
(microtype)             Ignoring protrusion settings for this character.
Package microtype Info: Character `₇' is missing
(microtype)             in font `\TU/TeXGyrePagella(0)/m/it/20.74'.
(microtype)             Ignoring protrusion settings for this character.
Package microtype Info: Character `₈' is missing
(microtype)             in font `\TU/TeXGyrePagella(0)/m/it/20.74'.
(microtype)             Ignoring protrusion settings for this character.
Package microtype Info: Character `₉' is missing
(microtype)             in font `\TU/TeXGyrePagella(0)/m/it/20.74'.
(microtype)             Ignoring protrusion settings for this character.
Package microtype Info: Character `₊' is missing
(microtype)             in font `\TU/TeXGyrePagella(0)/m/it/20.74'.
(microtype)             Ignoring protrusion settings for this character.
Package microtype Info: Character `₋' is missing
(microtype)             in font `\TU/TeXGyrePagella(0)/m/it/20.74'.
(microtype)             Ignoring protrusion settings for this character.
Package microtype Info: Character `⁺' is missing
(microtype)             in font `\TU/TeXGyrePagella(0)/m/it/20.74'.
(microtype)             Ignoring protrusion settings for this character.
Package microtype Info: Character `⁻' is missing
(microtype)             in font `\TU/TeXGyrePagella(0)/m/it/20.74'.
(microtype)             Ignoring protrusion settings for this character.
 (./main.toc
Package microtype Info: Character `ﬆ' is missing
(microtype)             in font `\TU/TeXGyrePagella(0)/b/n/10'.
(microtype)             Ignoring protrusion settings for this character.
Package microtype Info: Character `ﬅ' is missing
(microtype)             in font `\TU/TeXGyrePagella(0)/b/n/10'.
(microtype)             Ignoring protrusion settings for this character.
Package microtype Info: Character `‥' is missing
(microtype)             in font `\TU/TeXGyrePagella(0)/b/n/10'.
(microtype)             Ignoring protrusion settings for this character.
Package microtype Info: Character `‼' is missing
(microtype)             in font `\TU/TeXGyrePagella(0)/b/n/10'.
(microtype)             Ignoring protrusion settings for this character.
Package microtype Info: Character `⁰' is missing
(microtype)             in font `\TU/TeXGyrePagella(0)/b/n/10'.
(microtype)             Ignoring protrusion settings for this character.
Package microtype Info: Character `⁴' is missing
(microtype)             in font `\TU/TeXGyrePagella(0)/b/n/10'.
(microtype)             Ignoring protrusion settings for this character.
Package microtype Info: Character `⁵' is missing
(microtype)             in font `\TU/TeXGyrePagella(0)/b/n/10'.
(microtype)             Ignoring protrusion settings for this character.
Package microtype Info: Character `⁶' is missing
(microtype)             in font `\TU/TeXGyrePagella(0)/b/n/10'.
(microtype)             Ignoring protrusion settings for this character.
Package microtype Info: Character `⁷' is missing
(microtype)             in font `\TU/TeXGyrePagella(0)/b/n/10'.
(microtype)             Ignoring protrusion settings for this character.
Package microtype Info: Character `⁸' is missing
(microtype)             in font `\TU/TeXGyrePagella(0)/b/n/10'.
(microtype)             Ignoring protrusion settings for this character.
Package microtype Info: Character `⁹' is missing
(microtype)             in font `\TU/TeXGyrePagella(0)/b/n/10'.
(microtype)             Ignoring protrusion settings for this character.
Package microtype Info: Character `₀' is missing
(microtype)             in font `\TU/TeXGyrePagella(0)/b/n/10'.
(microtype)             Ignoring protrusion settings for this character.
Package microtype Info: Character `₁' is missing
(microtype)             in font `\TU/TeXGyrePagella(0)/b/n/10'.
(microtype)             Ignoring protrusion settings for this character.
Package microtype Info: Character `₂' is missing
(microtype)             in font `\TU/TeXGyrePagella(0)/b/n/10'.
(microtype)             Ignoring protrusion settings for this character.
Package microtype Info: Character `₃' is missing
(microtype)             in font `\TU/TeXGyrePagella(0)/b/n/10'.
(microtype)             Ignoring protrusion settings for this character.
Package microtype Info: Character `₄' is missing
(microtype)             in font `\TU/TeXGyrePagella(0)/b/n/10'.
(microtype)             Ignoring protrusion settings for this character.
Package microtype Info: Character `₅' is missing
(microtype)             in font `\TU/TeXGyrePagella(0)/b/n/10'.
(microtype)             Ignoring protrusion settings for this character.
Package microtype Info: Character `₆' is missing
(microtype)             in font `\TU/TeXGyrePagella(0)/b/n/10'.
(microtype)             Ignoring protrusion settings for this character.
Package microtype Info: Character `₇' is missing
(microtype)             in font `\TU/TeXGyrePagella(0)/b/n/10'.
(microtype)             Ignoring protrusion settings for this character.
Package microtype Info: Character `₈' is missing
(microtype)             in font `\TU/TeXGyrePagella(0)/b/n/10'.
(microtype)             Ignoring protrusion settings for this character.
Package microtype Info: Character `₉' is missing
(microtype)             in font `\TU/TeXGyrePagella(0)/b/n/10'.
(microtype)             Ignoring protrusion settings for this character.
Package microtype Info: Character `₊' is missing
(microtype)             in font `\TU/TeXGyrePagella(0)/b/n/10'.
(microtype)             Ignoring protrusion settings for this character.
Package microtype Info: Character `₋' is missing
(microtype)             in font `\TU/TeXGyrePagella(0)/b/n/10'.
(microtype)             Ignoring protrusion settings for this character.
Package microtype Info: Character `⁺' is missing
(microtype)             in font `\TU/TeXGyrePagella(0)/b/n/10'.
(microtype)             Ignoring protrusion settings for this character.
Package microtype Info: Character `⁻' is missing
(microtype)             in font `\TU/TeXGyrePagella(0)/b/n/10'.
(microtype)             Ignoring protrusion settings for this character.
)
\tf@toc=\write4
\openout4 = `main.toc'.

 (./chapters/01-introduction.tex

[3]

[4

]
Package microtype Info: Character `ﬆ' is missing
(microtype)             in font `\TU/TeXGyrePagella(0)/m/n/12'.
(microtype)             Ignoring protrusion settings for this character.
Package microtype Info: Character `ﬅ' is missing
(microtype)             in font `\TU/TeXGyrePagella(0)/m/n/12'.
(microtype)             Ignoring protrusion settings for this character.
Package microtype Info: Character `‥' is missing
(microtype)             in font `\TU/TeXGyrePagella(0)/m/n/12'.
(microtype)             Ignoring protrusion settings for this character.
Package microtype Info: Character `‼' is missing
(microtype)             in font `\TU/TeXGyrePagella(0)/m/n/12'.
(microtype)             Ignoring protrusion settings for this character.
Package microtype Info: Character `⁰' is missing
(microtype)             in font `\TU/TeXGyrePagella(0)/m/n/12'.
(microtype)             Ignoring protrusion settings for this character.
Package microtype Info: Character `⁴' is missing
(microtype)             in font `\TU/TeXGyrePagella(0)/m/n/12'.
(microtype)             Ignoring protrusion settings for this character.
Package microtype Info: Character `⁵' is missing
(microtype)             in font `\TU/TeXGyrePagella(0)/m/n/12'.
(microtype)             Ignoring protrusion settings for this character.
Package microtype Info: Character `⁶' is missing
(microtype)             in font `\TU/TeXGyrePagella(0)/m/n/12'.
(microtype)             Ignoring protrusion settings for this character.
Package microtype Info: Character `⁷' is missing
(microtype)             in font `\TU/TeXGyrePagella(0)/m/n/12'.
(microtype)             Ignoring protrusion settings for this character.
Package microtype Info: Character `⁸' is missing
(microtype)             in font `\TU/TeXGyrePagella(0)/m/n/12'.
(microtype)             Ignoring protrusion settings for this character.
Package microtype Info: Character `⁹' is missing
(microtype)             in font `\TU/TeXGyrePagella(0)/m/n/12'.
(microtype)             Ignoring protrusion settings for this character.
Package microtype Info: Character `₀' is missing
(microtype)             in font `\TU/TeXGyrePagella(0)/m/n/12'.
(microtype)             Ignoring protrusion settings for this character.
Package microtype Info: Character `₁' is missing
(microtype)             in font `\TU/TeXGyrePagella(0)/m/n/12'.
(microtype)             Ignoring protrusion settings for this character.
Package microtype Info: Character `₂' is missing
(microtype)             in font `\TU/TeXGyrePagella(0)/m/n/12'.
(microtype)             Ignoring protrusion settings for this character.
Package microtype Info: Character `₃' is missing
(microtype)             in font `\TU/TeXGyrePagella(0)/m/n/12'.
(microtype)             Ignoring protrusion settings for this character.
Package microtype Info: Character `₄' is missing
(microtype)             in font `\TU/TeXGyrePagella(0)/m/n/12'.
(microtype)             Ignoring protrusion settings for this character.
Package microtype Info: Character `₅' is missing
(microtype)             in font `\TU/TeXGyrePagella(0)/m/n/12'.
(microtype)             Ignoring protrusion settings for this character.
Package microtype Info: Character `₆' is missing
(microtype)             in font `\TU/TeXGyrePagella(0)/m/n/12'.
(microtype)             Ignoring protrusion settings for this character.
Package microtype Info: Character `₇' is missing
(microtype)             in font `\TU/TeXGyrePagella(0)/m/n/12'.
(microtype)             Ignoring protrusion settings for this character.
Package microtype Info: Character `₈' is missing
(microtype)             in font `\TU/TeXGyrePagella(0)/m/n/12'.
(microtype)             Ignoring protrusion settings for this character.
Package microtype Info: Character `₉' is missing
(microtype)             in font `\TU/TeXGyrePagella(0)/m/n/12'.
(microtype)             Ignoring protrusion settings for this character.
Package microtype Info: Character `₊' is missing
(microtype)             in font `\TU/TeXGyrePagella(0)/m/n/12'.
(microtype)             Ignoring protrusion settings for this character.
Package microtype Info: Character `₋' is missing
(microtype)             in font `\TU/TeXGyrePagella(0)/m/n/12'.
(microtype)             Ignoring protrusion settings for this character.
Package microtype Info: Character `⁺' is missing
(microtype)             in font `\TU/TeXGyrePagella(0)/m/n/12'.
(microtype)             Ignoring protrusion settings for this character.
Package microtype Info: Character `⁻' is missing
(microtype)             in font `\TU/TeXGyrePagella(0)/m/n/12'.
(microtype)             Ignoring protrusion settings for this character.
Package microtype Info: Character `‥' is missing
(microtype)             in font `\TU/TeXGyrePagella(0)/m/it/12'.
(microtype)             Ignoring protrusion settings for this character.
Package microtype Info: Character `⁰' is missing
(microtype)             in font `\TU/TeXGyrePagella(0)/m/it/12'.
(microtype)             Ignoring protrusion settings for this character.
Package microtype Info: Character `⁴' is missing
(microtype)             in font `\TU/TeXGyrePagella(0)/m/it/12'.
(microtype)             Ignoring protrusion settings for this character.
Package microtype Info: Character `⁵' is missing
(microtype)             in font `\TU/TeXGyrePagella(0)/m/it/12'.
(microtype)             Ignoring protrusion settings for this character.
Package microtype Info: Character `⁶' is missing
(microtype)             in font `\TU/TeXGyrePagella(0)/m/it/12'.
(microtype)             Ignoring protrusion settings for this character.
Package microtype Info: Character `⁷' is missing
(microtype)             in font `\TU/TeXGyrePagella(0)/m/it/12'.
(microtype)             Ignoring protrusion settings for this character.
Package microtype Info: Character `⁸' is missing
(microtype)             in font `\TU/TeXGyrePagella(0)/m/it/12'.
(microtype)             Ignoring protrusion settings for this character.
Package microtype Info: Character `⁹' is missing
(microtype)             in font `\TU/TeXGyrePagella(0)/m/it/12'.
(microtype)             Ignoring protrusion settings for this character.
Package microtype Info: Character `₀' is missing
(microtype)             in font `\TU/TeXGyrePagella(0)/m/it/12'.
(microtype)             Ignoring protrusion settings for this character.
Package microtype Info: Character `₁' is missing
(microtype)             in font `\TU/TeXGyrePagella(0)/m/it/12'.
(microtype)             Ignoring protrusion settings for this character.
Package microtype Info: Character `₂' is missing
(microtype)             in font `\TU/TeXGyrePagella(0)/m/it/12'.
(microtype)             Ignoring protrusion settings for this character.
Package microtype Info: Character `₃' is missing
(microtype)             in font `\TU/TeXGyrePagella(0)/m/it/12'.
(microtype)             Ignoring protrusion settings for this character.
Package microtype Info: Character `₄' is missing
(microtype)             in font `\TU/TeXGyrePagella(0)/m/it/12'.
(microtype)             Ignoring protrusion settings for this character.
Package microtype Info: Character `₅' is missing
(microtype)             in font `\TU/TeXGyrePagella(0)/m/it/12'.
(microtype)             Ignoring protrusion settings for this character.
Package microtype Info: Character `₆' is missing
(microtype)             in font `\TU/TeXGyrePagella(0)/m/it/12'.
(microtype)             Ignoring protrusion settings for this character.
Package microtype Info: Character `₇' is missing
(microtype)             in font `\TU/TeXGyrePagella(0)/m/it/12'.
(microtype)             Ignoring protrusion settings for this character.
Package microtype Info: Character `₈' is missing
(microtype)             in font `\TU/TeXGyrePagella(0)/m/it/12'.
(microtype)             Ignoring protrusion settings for this character.
Package microtype Info: Character `₉' is missing
(microtype)             in font `\TU/TeXGyrePagella(0)/m/it/12'.
(microtype)             Ignoring protrusion settings for this character.
Package microtype Info: Character `₊' is missing
(microtype)             in font `\TU/TeXGyrePagella(0)/m/it/12'.
(microtype)             Ignoring protrusion settings for this character.
Package microtype Info: Character `₋' is missing
(microtype)             in font `\TU/TeXGyrePagella(0)/m/it/12'.
(microtype)             Ignoring protrusion settings for this character.
Package microtype Info: Character `⁺' is missing
(microtype)             in font `\TU/TeXGyrePagella(0)/m/it/12'.
(microtype)             Ignoring protrusion settings for this character.
Package microtype Info: Character `⁻' is missing
(microtype)             in font `\TU/TeXGyrePagella(0)/m/it/12'.
(microtype)             Ignoring protrusion settings for this character.
Package microtype Info: Character `ﬆ' is missing
(microtype)             in font `\TU/TeXGyrePagella(0)/m/sc/10'.
(microtype)             Ignoring protrusion settings for this character.
Package microtype Info: Character `ﬅ' is missing
(microtype)             in font `\TU/TeXGyrePagella(0)/m/sc/10'.
(microtype)             Ignoring protrusion settings for this character.
Package microtype Info: Character `‥' is missing
(microtype)             in font `\TU/TeXGyrePagella(0)/m/sc/10'.
(microtype)             Ignoring protrusion settings for this character.
Package microtype Info: Character `‼' is missing
(microtype)             in font `\TU/TeXGyrePagella(0)/m/sc/10'.
(microtype)             Ignoring protrusion settings for this character.
Package microtype Info: Character `⁰' is missing
(microtype)             in font `\TU/TeXGyrePagella(0)/m/sc/10'.
(microtype)             Ignoring protrusion settings for this character.
Package microtype Info: Character `⁴' is missing
(microtype)             in font `\TU/TeXGyrePagella(0)/m/sc/10'.
(microtype)             Ignoring protrusion settings for this character.
Package microtype Info: Character `⁵' is missing
(microtype)             in font `\TU/TeXGyrePagella(0)/m/sc/10'.
(microtype)             Ignoring protrusion settings for this character.
Package microtype Info: Character `⁶' is missing
(microtype)             in font `\TU/TeXGyrePagella(0)/m/sc/10'.
(microtype)             Ignoring protrusion settings for this character.
Package microtype Info: Character `⁷' is missing
(microtype)             in font `\TU/TeXGyrePagella(0)/m/sc/10'.
(microtype)             Ignoring protrusion settings for this character.
Package microtype Info: Character `⁸' is missing
(microtype)             in font `\TU/TeXGyrePagella(0)/m/sc/10'.
(microtype)             Ignoring protrusion settings for this character.
Package microtype Info: Character `⁹' is missing
(microtype)             in font `\TU/TeXGyrePagella(0)/m/sc/10'.
(microtype)             Ignoring protrusion settings for this character.
Package microtype Info: Character `₀' is missing
(microtype)             in font `\TU/TeXGyrePagella(0)/m/sc/10'.
(microtype)             Ignoring protrusion settings for this character.
Package microtype Info: Character `₁' is missing
(microtype)             in font `\TU/TeXGyrePagella(0)/m/sc/10'.
(microtype)             Ignoring protrusion settings for this character.
Package microtype Info: Character `₂' is missing
(microtype)             in font `\TU/TeXGyrePagella(0)/m/sc/10'.
(microtype)             Ignoring protrusion settings for this character.
Package microtype Info: Character `₃' is missing
(microtype)             in font `\TU/TeXGyrePagella(0)/m/sc/10'.
(microtype)             Ignoring protrusion settings for this character.
Package microtype Info: Character `₄' is missing
(microtype)             in font `\TU/TeXGyrePagella(0)/m/sc/10'.
(microtype)             Ignoring protrusion settings for this character.
Package microtype Info: Character `₅' is missing
(microtype)             in font `\TU/TeXGyrePagella(0)/m/sc/10'.
(microtype)             Ignoring protrusion settings for this character.
Package microtype Info: Character `₆' is missing
(microtype)             in font `\TU/TeXGyrePagella(0)/m/sc/10'.
(microtype)             Ignoring protrusion settings for this character.
Package microtype Info: Character `₇' is missing
(microtype)             in font `\TU/TeXGyrePagella(0)/m/sc/10'.
(microtype)             Ignoring protrusion settings for this character.
Package microtype Info: Character `₈' is missing
(microtype)             in font `\TU/TeXGyrePagella(0)/m/sc/10'.
(microtype)             Ignoring protrusion settings for this character.
Package microtype Info: Character `₉' is missing
(microtype)             in font `\TU/TeXGyrePagella(0)/m/sc/10'.
(microtype)             Ignoring protrusion settings for this character.
Package microtype Info: Character `₊' is missing
(microtype)             in font `\TU/TeXGyrePagella(0)/m/sc/10'.
(microtype)             Ignoring protrusion settings for this character.
Package microtype Info: Character `₋' is missing
(microtype)             in font `\TU/TeXGyrePagella(0)/m/sc/10'.
(microtype)             Ignoring protrusion settings for this character.
Package microtype Info: Character `⁺' is missing
(microtype)             in font `\TU/TeXGyrePagella(0)/m/sc/10'.
(microtype)             Ignoring protrusion settings for this character.
Package microtype Info: Character `⁻' is missing
(microtype)             in font `\TU/TeXGyrePagella(0)/m/sc/10'.
(microtype)             Ignoring protrusion settings for this character.
Package microtype Info: Character `ﬅ' is missing
(microtype)             in font `\TU/TeXGyrePagella(0)/m/sc/10'.
(microtype)             Ignoring protrusion settings for this character.
Package microtype Info: Character `ﬆ' is missing
(microtype)             in font `\TU/TeXGyrePagella(0)/m/sc/10'.
(microtype)             Ignoring protrusion settings for this character.
Package microtype Info: Character `ﬆ' is missing
(microtype)             in font `\TU/TeXGyrePagella(0)/m/n/10.95'.
(microtype)             Ignoring protrusion settings for this character.
Package microtype Info: Character `ﬅ' is missing
(microtype)             in font `\TU/TeXGyrePagella(0)/m/n/10.95'.
(microtype)             Ignoring protrusion settings for this character.
Package microtype Info: Character `‥' is missing
(microtype)             in font `\TU/TeXGyrePagella(0)/m/n/10.95'.
(microtype)             Ignoring protrusion settings for this character.
Package microtype Info: Character `‼' is missing
(microtype)             in font `\TU/TeXGyrePagella(0)/m/n/10.95'.
(microtype)             Ignoring protrusion settings for this character.
Package microtype Info: Character `⁰' is missing
(microtype)             in font `\TU/TeXGyrePagella(0)/m/n/10.95'.
(microtype)             Ignoring protrusion settings for this character.
Package microtype Info: Character `⁴' is missing
(microtype)             in font `\TU/TeXGyrePagella(0)/m/n/10.95'.
(microtype)             Ignoring protrusion settings for this character.
Package microtype Info: Character `⁵' is missing
(microtype)             in font `\TU/TeXGyrePagella(0)/m/n/10.95'.
(microtype)             Ignoring protrusion settings for this character.
Package microtype Info: Character `⁶' is missing
(microtype)             in font `\TU/TeXGyrePagella(0)/m/n/10.95'.
(microtype)             Ignoring protrusion settings for this character.
Package microtype Info: Character `⁷' is missing
(microtype)             in font `\TU/TeXGyrePagella(0)/m/n/10.95'.
(microtype)             Ignoring protrusion settings for this character.
Package microtype Info: Character `⁸' is missing
(microtype)             in font `\TU/TeXGyrePagella(0)/m/n/10.95'.
(microtype)             Ignoring protrusion settings for this character.
Package microtype Info: Character `⁹' is missing
(microtype)             in font `\TU/TeXGyrePagella(0)/m/n/10.95'.
(microtype)             Ignoring protrusion settings for this character.
Package microtype Info: Character `₀' is missing
(microtype)             in font `\TU/TeXGyrePagella(0)/m/n/10.95'.
(microtype)             Ignoring protrusion settings for this character.
Package microtype Info: Character `₁' is missing
(microtype)             in font `\TU/TeXGyrePagella(0)/m/n/10.95'.
(microtype)             Ignoring protrusion settings for this character.
Package microtype Info: Character `₂' is missing
(microtype)             in font `\TU/TeXGyrePagella(0)/m/n/10.95'.
(microtype)             Ignoring protrusion settings for this character.
Package microtype Info: Character `₃' is missing
(microtype)             in font `\TU/TeXGyrePagella(0)/m/n/10.95'.
(microtype)             Ignoring protrusion settings for this character.
Package microtype Info: Character `₄' is missing
(microtype)             in font `\TU/TeXGyrePagella(0)/m/n/10.95'.
(microtype)             Ignoring protrusion settings for this character.
Package microtype Info: Character `₅' is missing
(microtype)             in font `\TU/TeXGyrePagella(0)/m/n/10.95'.
(microtype)             Ignoring protrusion settings for this character.
Package microtype Info: Character `₆' is missing
(microtype)             in font `\TU/TeXGyrePagella(0)/m/n/10.95'.
(microtype)             Ignoring protrusion settings for this character.
Package microtype Info: Character `₇' is missing
(microtype)             in font `\TU/TeXGyrePagella(0)/m/n/10.95'.
(microtype)             Ignoring protrusion settings for this character.
Package microtype Info: Character `₈' is missing
(microtype)             in font `\TU/TeXGyrePagella(0)/m/n/10.95'.
(microtype)             Ignoring protrusion settings for this character.
Package microtype Info: Character `₉' is missing
(microtype)             in font `\TU/TeXGyrePagella(0)/m/n/10.95'.
(microtype)             Ignoring protrusion settings for this character.
Package microtype Info: Character `₊' is missing
(microtype)             in font `\TU/TeXGyrePagella(0)/m/n/10.95'.
(microtype)             Ignoring protrusion settings for this character.
Package microtype Info: Character `₋' is missing
(microtype)             in font `\TU/TeXGyrePagella(0)/m/n/10.95'.
(microtype)             Ignoring protrusion settings for this character.
Package microtype Info: Character `⁺' is missing
(microtype)             in font `\TU/TeXGyrePagella(0)/m/n/10.95'.
(microtype)             Ignoring protrusion settings for this character.
Package microtype Info: Character `⁻' is missing
(microtype)             in font `\TU/TeXGyrePagella(0)/m/n/10.95'.
(microtype)             Ignoring protrusion settings for this character.
Package microtype Info: Character `‥' is missing
(microtype)             in font `\TU/TeXGyrePagella(0)/m/it/10.95'.
(microtype)             Ignoring protrusion settings for this character.
Package microtype Info: Character `⁰' is missing
(microtype)             in font `\TU/TeXGyrePagella(0)/m/it/10.95'.
(microtype)             Ignoring protrusion settings for this character.
Package microtype Info: Character `⁴' is missing
(microtype)             in font `\TU/TeXGyrePagella(0)/m/it/10.95'.
(microtype)             Ignoring protrusion settings for this character.
Package microtype Info: Character `⁵' is missing
(microtype)             in font `\TU/TeXGyrePagella(0)/m/it/10.95'.
(microtype)             Ignoring protrusion settings for this character.
Package microtype Info: Character `⁶' is missing
(microtype)             in font `\TU/TeXGyrePagella(0)/m/it/10.95'.
(microtype)             Ignoring protrusion settings for this character.
Package microtype Info: Character `⁷' is missing
(microtype)             in font `\TU/TeXGyrePagella(0)/m/it/10.95'.
(microtype)             Ignoring protrusion settings for this character.
Package microtype Info: Character `⁸' is missing
(microtype)             in font `\TU/TeXGyrePagella(0)/m/it/10.95'.
(microtype)             Ignoring protrusion settings for this character.
Package microtype Info: Character `⁹' is missing
(microtype)             in font `\TU/TeXGyrePagella(0)/m/it/10.95'.
(microtype)             Ignoring protrusion settings for this character.
Package microtype Info: Character `₀' is missing
(microtype)             in font `\TU/TeXGyrePagella(0)/m/it/10.95'.
(microtype)             Ignoring protrusion settings for this character.
Package microtype Info: Character `₁' is missing
(microtype)             in font `\TU/TeXGyrePagella(0)/m/it/10.95'.
(microtype)             Ignoring protrusion settings for this character.
Package microtype Info: Character `₂' is missing
(microtype)             in font `\TU/TeXGyrePagella(0)/m/it/10.95'.
(microtype)             Ignoring protrusion settings for this character.
Package microtype Info: Character `₃' is missing
(microtype)             in font `\TU/TeXGyrePagella(0)/m/it/10.95'.
(microtype)             Ignoring protrusion settings for this character.
Package microtype Info: Character `₄' is missing
(microtype)             in font `\TU/TeXGyrePagella(0)/m/it/10.95'.
(microtype)             Ignoring protrusion settings for this character.
Package microtype Info: Character `₅' is missing
(microtype)             in font `\TU/TeXGyrePagella(0)/m/it/10.95'.
(microtype)             Ignoring protrusion settings for this character.
Package microtype Info: Character `₆' is missing
(microtype)             in font `\TU/TeXGyrePagella(0)/m/it/10.95'.
(microtype)             Ignoring protrusion settings for this character.
Package microtype Info: Character `₇' is missing
(microtype)             in font `\TU/TeXGyrePagella(0)/m/it/10.95'.
(microtype)             Ignoring protrusion settings for this character.
Package microtype Info: Character `₈' is missing
(microtype)             in font `\TU/TeXGyrePagella(0)/m/it/10.95'.
(microtype)             Ignoring protrusion settings for this character.
Package microtype Info: Character `₉' is missing
(microtype)             in font `\TU/TeXGyrePagella(0)/m/it/10.95'.
(microtype)             Ignoring protrusion settings for this character.
Package microtype Info: Character `₊' is missing
(microtype)             in font `\TU/TeXGyrePagella(0)/m/it/10.95'.
(microtype)             Ignoring protrusion settings for this character.
Package microtype Info: Character `₋' is missing
(microtype)             in font `\TU/TeXGyrePagella(0)/m/it/10.95'.
(microtype)             Ignoring protrusion settings for this character.
Package microtype Info: Character `⁺' is missing
(microtype)             in font `\TU/TeXGyrePagella(0)/m/it/10.95'.
(microtype)             Ignoring protrusion settings for this character.
Package microtype Info: Character `⁻' is missing
(microtype)             in font `\TU/TeXGyrePagella(0)/m/it/10.95'.
(microtype)             Ignoring protrusion settings for this character.
Package microtype Info: Character `ﬆ' is missing
(microtype)             in font `\TU/TeXGyrePagella(0)/m/n/8'.
(microtype)             Ignoring protrusion settings for this character.
Package microtype Info: Character `ﬅ' is missing
(microtype)             in font `\TU/TeXGyrePagella(0)/m/n/8'.
(microtype)             Ignoring protrusion settings for this character.
Package microtype Info: Character `‥' is missing
(microtype)             in font `\TU/TeXGyrePagella(0)/m/n/8'.
(microtype)             Ignoring protrusion settings for this character.
Package microtype Info: Character `‼' is missing
(microtype)             in font `\TU/TeXGyrePagella(0)/m/n/8'.
(microtype)             Ignoring protrusion settings for this character.
Package microtype Info: Character `⁰' is missing
(microtype)             in font `\TU/TeXGyrePagella(0)/m/n/8'.
(microtype)             Ignoring protrusion settings for this character.
Package microtype Info: Character `⁴' is missing
(microtype)             in font `\TU/TeXGyrePagella(0)/m/n/8'.
(microtype)             Ignoring protrusion settings for this character.
Package microtype Info: Character `⁵' is missing
(microtype)             in font `\TU/TeXGyrePagella(0)/m/n/8'.
(microtype)             Ignoring protrusion settings for this character.
Package microtype Info: Character `⁶' is missing
(microtype)             in font `\TU/TeXGyrePagella(0)/m/n/8'.
(microtype)             Ignoring protrusion settings for this character.
Package microtype Info: Character `⁷' is missing
(microtype)             in font `\TU/TeXGyrePagella(0)/m/n/8'.
(microtype)             Ignoring protrusion settings for this character.
Package microtype Info: Character `⁸' is missing
(microtype)             in font `\TU/TeXGyrePagella(0)/m/n/8'.
(microtype)             Ignoring protrusion settings for this character.
Package microtype Info: Character `⁹' is missing
(microtype)             in font `\TU/TeXGyrePagella(0)/m/n/8'.
(microtype)             Ignoring protrusion settings for this character.
Package microtype Info: Character `₀' is missing
(microtype)             in font `\TU/TeXGyrePagella(0)/m/n/8'.
(microtype)             Ignoring protrusion settings for this character.
Package microtype Info: Character `₁' is missing
(microtype)             in font `\TU/TeXGyrePagella(0)/m/n/8'.
(microtype)             Ignoring protrusion settings for this character.
Package microtype Info: Character `₂' is missing
(microtype)             in font `\TU/TeXGyrePagella(0)/m/n/8'.
(microtype)             Ignoring protrusion settings for this character.
Package microtype Info: Character `₃' is missing
(microtype)             in font `\TU/TeXGyrePagella(0)/m/n/8'.
(microtype)             Ignoring protrusion settings for this character.
Package microtype Info: Character `₄' is missing
(microtype)             in font `\TU/TeXGyrePagella(0)/m/n/8'.
(microtype)             Ignoring protrusion settings for this character.
Package microtype Info: Character `₅' is missing
(microtype)             in font `\TU/TeXGyrePagella(0)/m/n/8'.
(microtype)             Ignoring protrusion settings for this character.
Package microtype Info: Character `₆' is missing
(microtype)             in font `\TU/TeXGyrePagella(0)/m/n/8'.
(microtype)             Ignoring protrusion settings for this character.
Package microtype Info: Character `₇' is missing
(microtype)             in font `\TU/TeXGyrePagella(0)/m/n/8'.
(microtype)             Ignoring protrusion settings for this character.
Package microtype Info: Character `₈' is missing
(microtype)             in font `\TU/TeXGyrePagella(0)/m/n/8'.
(microtype)             Ignoring protrusion settings for this character.
Package microtype Info: Character `₉' is missing
(microtype)             in font `\TU/TeXGyrePagella(0)/m/n/8'.
(microtype)             Ignoring protrusion settings for this character.
Package microtype Info: Character `₊' is missing
(microtype)             in font `\TU/TeXGyrePagella(0)/m/n/8'.
(microtype)             Ignoring protrusion settings for this character.
Package microtype Info: Character `₋' is missing
(microtype)             in font `\TU/TeXGyrePagella(0)/m/n/8'.
(microtype)             Ignoring protrusion settings for this character.
Package microtype Info: Character `⁺' is missing
(microtype)             in font `\TU/TeXGyrePagella(0)/m/n/8'.
(microtype)             Ignoring protrusion settings for this character.
Package microtype Info: Character `⁻' is missing
(microtype)             in font `\TU/TeXGyrePagella(0)/m/n/8'.
(microtype)             Ignoring protrusion settings for this character.

Underfull \hbox (badness 3138) in paragraph at lines 27--27
\TU/TeXGyrePagella(0)/m/n/8 petitive CS2 player seeking improve-
 []

Package microtype Info: Character `ﬆ' is missing
(microtype)             in font `\TU/TeXGyrePagella(0)/m/n/7'.
(microtype)             Ignoring protrusion settings for this character.
Package microtype Info: Character `ﬅ' is missing
(microtype)             in font `\TU/TeXGyrePagella(0)/m/n/7'.
(microtype)             Ignoring protrusion settings for this character.
Package microtype Info: Character `‥' is missing
(microtype)             in font `\TU/TeXGyrePagella(0)/m/n/7'.
(microtype)             Ignoring protrusion settings for this character.
Package microtype Info: Character `‼' is missing
(microtype)             in font `\TU/TeXGyrePagella(0)/m/n/7'.
(microtype)             Ignoring protrusion settings for this character.
Package microtype Info: Character `⁰' is missing
(microtype)             in font `\TU/TeXGyrePagella(0)/m/n/7'.
(microtype)             Ignoring protrusion settings for this character.
Package microtype Info: Character `⁴' is missing
(microtype)             in font `\TU/TeXGyrePagella(0)/m/n/7'.
(microtype)             Ignoring protrusion settings for this character.
Package microtype Info: Character `⁵' is missing
(microtype)             in font `\TU/TeXGyrePagella(0)/m/n/7'.
(microtype)             Ignoring protrusion settings for this character.
Package microtype Info: Character `⁶' is missing
(microtype)             in font `\TU/TeXGyrePagella(0)/m/n/7'.
(microtype)             Ignoring protrusion settings for this character.
Package microtype Info: Character `⁷' is missing
(microtype)             in font `\TU/TeXGyrePagella(0)/m/n/7'.
(microtype)             Ignoring protrusion settings for this character.
Package microtype Info: Character `⁸' is missing
(microtype)             in font `\TU/TeXGyrePagella(0)/m/n/7'.
(microtype)             Ignoring protrusion settings for this character.
Package microtype Info: Character `⁹' is missing
(microtype)             in font `\TU/TeXGyrePagella(0)/m/n/7'.
(microtype)             Ignoring protrusion settings for this character.
Package microtype Info: Character `₀' is missing
(microtype)             in font `\TU/TeXGyrePagella(0)/m/n/7'.
(microtype)             Ignoring protrusion settings for this character.
Package microtype Info: Character `₁' is missing
(microtype)             in font `\TU/TeXGyrePagella(0)/m/n/7'.
(microtype)             Ignoring protrusion settings for this character.
Package microtype Info: Character `₂' is missing
(microtype)             in font `\TU/TeXGyrePagella(0)/m/n/7'.
(microtype)             Ignoring protrusion settings for this character.
Package microtype Info: Character `₃' is missing
(microtype)             in font `\TU/TeXGyrePagella(0)/m/n/7'.
(microtype)             Ignoring protrusion settings for this character.
Package microtype Info: Character `₄' is missing
(microtype)             in font `\TU/TeXGyrePagella(0)/m/n/7'.
(microtype)             Ignoring protrusion settings for this character.
Package microtype Info: Character `₅' is missing
(microtype)             in font `\TU/TeXGyrePagella(0)/m/n/7'.
(microtype)             Ignoring protrusion settings for this character.
Package microtype Info: Character `₆' is missing
(microtype)             in font `\TU/TeXGyrePagella(0)/m/n/7'.
(microtype)             Ignoring protrusion settings for this character.
Package microtype Info: Character `₇' is missing
(microtype)             in font `\TU/TeXGyrePagella(0)/m/n/7'.
(microtype)             Ignoring protrusion settings for this character.
Package microtype Info: Character `₈' is missing
(microtype)             in font `\TU/TeXGyrePagella(0)/m/n/7'.
(microtype)             Ignoring protrusion settings for this character.
Package microtype Info: Character `₉' is missing
(microtype)             in font `\TU/TeXGyrePagella(0)/m/n/7'.
(microtype)             Ignoring protrusion settings for this character.
Package microtype Info: Character `₊' is missing
(microtype)             in font `\TU/TeXGyrePagella(0)/m/n/7'.
(microtype)             Ignoring protrusion settings for this character.
Package microtype Info: Character `₋' is missing
(microtype)             in font `\TU/TeXGyrePagella(0)/m/n/7'.
(microtype)             Ignoring protrusion settings for this character.
Package microtype Info: Character `⁺' is missing
(microtype)             in font `\TU/TeXGyrePagella(0)/m/n/7'.
(microtype)             Ignoring protrusion settings for this character.
Package microtype Info: Character `⁻' is missing
(microtype)             in font `\TU/TeXGyrePagella(0)/m/n/7'.
(microtype)             Ignoring protrusion settings for this character.
Package microtype Info: Character `ﬆ' is missing
(microtype)             in font `\TU/TeXGyrePagella(0)/m/n/5'.
(microtype)             Ignoring protrusion settings for this character.
Package microtype Info: Character `ﬅ' is missing
(microtype)             in font `\TU/TeXGyrePagella(0)/m/n/5'.
(microtype)             Ignoring protrusion settings for this character.
Package microtype Info: Character `‥' is missing
(microtype)             in font `\TU/TeXGyrePagella(0)/m/n/5'.
(microtype)             Ignoring protrusion settings for this character.
Package microtype Info: Character `‼' is missing
(microtype)             in font `\TU/TeXGyrePagella(0)/m/n/5'.
(microtype)             Ignoring protrusion settings for this character.
Package microtype Info: Character `⁰' is missing
(microtype)             in font `\TU/TeXGyrePagella(0)/m/n/5'.
(microtype)             Ignoring protrusion settings for this character.
Package microtype Info: Character `⁴' is missing
(microtype)             in font `\TU/TeXGyrePagella(0)/m/n/5'.
(microtype)             Ignoring protrusion settings for this character.
Package microtype Info: Character `⁵' is missing
(microtype)             in font `\TU/TeXGyrePagella(0)/m/n/5'.
(microtype)             Ignoring protrusion settings for this character.
Package microtype Info: Character `⁶' is missing
(microtype)             in font `\TU/TeXGyrePagella(0)/m/n/5'.
(microtype)             Ignoring protrusion settings for this character.
Package microtype Info: Character `⁷' is missing
(microtype)             in font `\TU/TeXGyrePagella(0)/m/n/5'.
(microtype)             Ignoring protrusion settings for this character.
Package microtype Info: Character `⁸' is missing
(microtype)             in font `\TU/TeXGyrePagella(0)/m/n/5'.
(microtype)             Ignoring protrusion settings for this character.
Package microtype Info: Character `⁹' is missing
(microtype)             in font `\TU/TeXGyrePagella(0)/m/n/5'.
(microtype)             Ignoring protrusion settings for this character.
Package microtype Info: Character `₀' is missing
(microtype)             in font `\TU/TeXGyrePagella(0)/m/n/5'.
(microtype)             Ignoring protrusion settings for this character.
Package microtype Info: Character `₁' is missing
(microtype)             in font `\TU/TeXGyrePagella(0)/m/n/5'.
(microtype)             Ignoring protrusion settings for this character.
Package microtype Info: Character `₂' is missing
(microtype)             in font `\TU/TeXGyrePagella(0)/m/n/5'.
(microtype)             Ignoring protrusion settings for this character.
Package microtype Info: Character `₃' is missing
(microtype)             in font `\TU/TeXGyrePagella(0)/m/n/5'.
(microtype)             Ignoring protrusion settings for this character.
Package microtype Info: Character `₄' is missing
(microtype)             in font `\TU/TeXGyrePagella(0)/m/n/5'.
(microtype)             Ignoring protrusion settings for this character.
Package microtype Info: Character `₅' is missing
(microtype)             in font `\TU/TeXGyrePagella(0)/m/n/5'.
(microtype)             Ignoring protrusion settings for this character.
Package microtype Info: Character `₆' is missing
(microtype)             in font `\TU/TeXGyrePagella(0)/m/n/5'.
(microtype)             Ignoring protrusion settings for this character.
Package microtype Info: Character `₇' is missing
(microtype)             in font `\TU/TeXGyrePagella(0)/m/n/5'.
(microtype)             Ignoring protrusion settings for this character.
Package microtype Info: Character `₈' is missing
(microtype)             in font `\TU/TeXGyrePagella(0)/m/n/5'.
(microtype)             Ignoring protrusion settings for this character.
Package microtype Info: Character `₉' is missing
(microtype)             in font `\TU/TeXGyrePagella(0)/m/n/5'.
(microtype)             Ignoring protrusion settings for this character.
Package microtype Info: Character `₊' is missing
(microtype)             in font `\TU/TeXGyrePagella(0)/m/n/5'.
(microtype)             Ignoring protrusion settings for this character.
Package microtype Info: Character `₋' is missing
(microtype)             in font `\TU/TeXGyrePagella(0)/m/n/5'.
(microtype)             Ignoring protrusion settings for this character.
Package microtype Info: Character `⁺' is missing
(microtype)             in font `\TU/TeXGyrePagella(0)/m/n/5'.
(microtype)             Ignoring protrusion settings for this character.
Package microtype Info: Character `⁻' is missing
(microtype)             in font `\TU/TeXGyrePagella(0)/m/n/5'.
(microtype)             Ignoring protrusion settings for this character.
LaTeX Font Info:    External font `cmex10' loaded for size
(Font)              <7> on input line 28.
LaTeX Font Info:    External font `cmex10' loaded for size
(Font)              <5> on input line 28.
(/usr/share/texmf-dist/tex/latex/microtype/mt-cmr.cfg
File: mt-cmr.cfg 2013/05/19 v2.2 microtype config. file: Computer Modern Roman 
(RS)
)
Package microtype Info: Character `‥' is missing
(microtype)             in font `\TU/TeXGyrePagella(0)/m/it/10'.
(microtype)             Ignoring protrusion settings for this character.
Package microtype Info: Character `⁰' is missing
(microtype)             in font `\TU/TeXGyrePagella(0)/m/it/10'.
(microtype)             Ignoring protrusion settings for this character.
Package microtype Info: Character `⁴' is missing
(microtype)             in font `\TU/TeXGyrePagella(0)/m/it/10'.
(microtype)             Ignoring protrusion settings for this character.
Package microtype Info: Character `⁵' is missing
(microtype)             in font `\TU/TeXGyrePagella(0)/m/it/10'.
(microtype)             Ignoring protrusion settings for this character.
Package microtype Info: Character `⁶' is missing
(microtype)             in font `\TU/TeXGyrePagella(0)/m/it/10'.
(microtype)             Ignoring protrusion settings for this character.
Package microtype Info: Character `⁷' is missing
(microtype)             in font `\TU/TeXGyrePagella(0)/m/it/10'.
(microtype)             Ignoring protrusion settings for this character.
Package microtype Info: Character `⁸' is missing
(microtype)             in font `\TU/TeXGyrePagella(0)/m/it/10'.
(microtype)             Ignoring protrusion settings for this character.
Package microtype Info: Character `⁹' is missing
(microtype)             in font `\TU/TeXGyrePagella(0)/m/it/10'.
(microtype)             Ignoring protrusion settings for this character.
Package microtype Info: Character `₀' is missing
(microtype)             in font `\TU/TeXGyrePagella(0)/m/it/10'.
(microtype)             Ignoring protrusion settings for this character.
Package microtype Info: Character `₁' is missing
(microtype)             in font `\TU/TeXGyrePagella(0)/m/it/10'.
(microtype)             Ignoring protrusion settings for this character.
Package microtype Info: Character `₂' is missing
(microtype)             in font `\TU/TeXGyrePagella(0)/m/it/10'.
(microtype)             Ignoring protrusion settings for this character.
Package microtype Info: Character `₃' is missing
(microtype)             in font `\TU/TeXGyrePagella(0)/m/it/10'.
(microtype)             Ignoring protrusion settings for this character.
Package microtype Info: Character `₄' is missing
(microtype)             in font `\TU/TeXGyrePagella(0)/m/it/10'.
(microtype)             Ignoring protrusion settings for this character.
Package microtype Info: Character `₅' is missing
(microtype)             in font `\TU/TeXGyrePagella(0)/m/it/10'.
(microtype)             Ignoring protrusion settings for this character.
Package microtype Info: Character `₆' is missing
(microtype)             in font `\TU/TeXGyrePagella(0)/m/it/10'.
(microtype)             Ignoring protrusion settings for this character.
Package microtype Info: Character `₇' is missing
(microtype)             in font `\TU/TeXGyrePagella(0)/m/it/10'.
(microtype)             Ignoring protrusion settings for this character.
Package microtype Info: Character `₈' is missing
(microtype)             in font `\TU/TeXGyrePagella(0)/m/it/10'.
(microtype)             Ignoring protrusion settings for this character.
Package microtype Info: Character `₉' is missing
(microtype)             in font `\TU/TeXGyrePagella(0)/m/it/10'.
(microtype)             Ignoring protrusion settings for this character.
Package microtype Info: Character `₊' is missing
(microtype)             in font `\TU/TeXGyrePagella(0)/m/it/10'.
(microtype)             Ignoring protrusion settings for this character.
Package microtype Info: Character `₋' is missing
(microtype)             in font `\TU/TeXGyrePagella(0)/m/it/10'.
(microtype)             Ignoring protrusion settings for this character.
Package microtype Info: Character `⁺' is missing
(microtype)             in font `\TU/TeXGyrePagella(0)/m/it/10'.
(microtype)             Ignoring protrusion settings for this character.
Package microtype Info: Character `⁻' is missing
(microtype)             in font `\TU/TeXGyrePagella(0)/m/it/10'.
(microtype)             Ignoring protrusion settings for this character.


[5]

Package hyperref Warning: Suppressing empty link on input line 75.


Package hyperref Warning: Suppressing empty link on input line 76.


Package hyperref Warning: Suppressing empty link on input line 77.

) (./chapters/02-architecture.tex

! Undefined control sequence.
\MakeTextLowercase  ...oexpand ##1}}\@uclcnotmath 
                                                  {\lowercase }{\def \NoCase...
l.1 \chapter
            {Architecture}
The control sequence at the end of the top line
of your error message was never \def'ed. If you have
misspelled it (e.g., `\hobx'), type `I' and the correct
spelling (e.g., `I\hbox'). Otherwise just continue,
and I'll forget about whatever was undefined.

! Missing { inserted.
<to be read again> 
                   }
l.1 \chapter
            {Architecture}
A left brace was mandatory here, so I've put one in.
You might want to delete and/or insert some corrections
so that I will find a matching right brace soon.
(If you're confused by all this, try typing `I}' now.)

! Incompatible list can't be unboxed.
\SOUL@analyze ->{\setbox \z@ \vbox {\unvcopy \z@ 
                                                 \unskip \unpenalty \global ...
l.1 \chapter
            {Architecture}
Sorry, Pandora. (You sneaky devil.)
I refuse to unbox an \hbox in vertical mode or vice versa.
And I can't open any boxes in math mode.

! Missing } inserted.
<inserted text> 
                }
l.1 \chapter
            {Architecture}
I've inserted something that you may have forgotten.
(See the <inserted text> above.)
With luck, this will get me unwedged. But if you
really didn't forget anything, try typing `2' now; then
my insertion and my current dilemma will both disappear.

[6]
Overfull \hbox (0.56892pt too wide) in paragraph at lines 9--10
[]\TU/TeXGyrePagella(0)/m/n/10 All demo processing happens locally on the user’
s machine,
 []


Overfull \hbox (3.78891pt too wide) in paragraph at lines 13--14
[]\TU/TeXGyrePagella(0)/m/n/10 Start with essential features and progressively
 []


! LaTeX Error: File `figures/c4/1-context' not found.

See the LaTeX manual or LaTeX Companion for explanation.
Type  H <return>  for immediate help.
 ...                                              
                                                  
l.22 ...width=0.9\textwidth]{figures/c4/1-context}
                                                  
I could not locate the file with any of these extensions:
.pdf,.PDF,.ai,.AI,.png,.PNG,.jpg,.JPG,.jpeg,.JPEG,.jp2,.JP2,.jpf,.JPF,.bmp,.BMP
,.ps,.PS,.eps,.EPS,.mps,.MPS
Try typing  <return>  to proceed.
If that doesn't work, type  X <return>  to quit.


LaTeX Warning: Marginpar on page 7 moved.


! LaTeX Error: File `figures/c4/2-container' not found.

See the LaTeX manual or LaTeX Companion for explanation.
Type  H <return>  for immediate help.
 ...                                              
                                                  
l.44 ...dth=0.9\textwidth]{figures/c4/2-container}
                                                  
I could not locate the file with any of these extensions:
.pdf,.PDF,.ai,.AI,.png,.PNG,.jpg,.JPG,.jpeg,.JPEG,.jp2,.JP2,.jpf,.JPF,.bmp,.BMP
,.ps,.PS,.eps,.EPS,.mps,.MPS
Try typing  <return>  to proceed.
If that doesn't work, type  X <return>  to quit.



[7

]

! LaTeX Error: File `figures/c4/3-component-frontend' not found.

See the LaTeX manual or LaTeX Companion for explanation.
Type  H <return>  for immediate help.
 ...                                              
                                                  
l.101 ...newidth]{figures/c4/3-component-frontend}
                                                  
I could not locate the file with any of these extensions:
.pdf,.PDF,.ai,.AI,.png,.PNG,.jpg,.JPG,.jpeg,.JPEG,.jp2,.JP2,.jpf,.JPF,.bmp,.BMP
,.ps,.PS,.eps,.EPS,.mps,.MPS
Try typing  <return>  to proceed.
If that doesn't work, type  X <return>  to quit.


LaTeX Warning: `h' float specifier changed to `ht'.



! Undefined control sequence.
\MakeTextLowercase  ...oexpand ##1}}\@uclcnotmath 
                                                  {\lowercase }{\def \NoCase...
l.112     \item[Demo Viewer]
                             Main analysis view with timeline and map
The control sequence at the end of the top line
of your error message was never \def'ed. If you have
misspelled it (e.g., `\hobx'), type `I' and the correct
spelling (e.g., `I\hbox'). Otherwise just continue,
and I'll forget about whatever was undefined.

! Missing { inserted.
<to be read again> 
                   }
l.112     \item[Demo Viewer]
                             Main analysis view with timeline and map
A left brace was mandatory here, so I've put one in.
You might want to delete and/or insert some corrections
so that I will find a matching right brace soon.
(If you're confused by all this, try typing `I}' now.)

! Incompatible list can't be unboxed.
\SOUL@analyze ->{\setbox \z@ \vbox {\unvcopy \z@ 
                                                 \unskip \unpenalty \global ...
l.112     \item[Demo Viewer]
                             Main analysis view with timeline and map
Sorry, Pandora. (You sneaky devil.)
I refuse to unbox an \hbox in vertical mode or vice versa.
And I can't open any boxes in math mode.

! Missing } inserted.
<inserted text> 
                }
l.112     \item[Demo Viewer]
                             Main analysis view with timeline and map
I've inserted something that you may have forgotten.
(See the <inserted text> above.)
With luck, this will get me unwedged. But if you
really didn't forget anything, try typing `2' now; then
my insertion and my current dilemma will both disappear.

[8]

! LaTeX Error: File `figures/c4/3-component-rust' not found.

See the LaTeX manual or LaTeX Companion for explanation.
Type  H <return>  for immediate help.
 ...                                              
                                                  
l.122 ...=\linewidth]{figures/c4/3-component-rust}
                                                  
I could not locate the file with any of these extensions:
.pdf,.PDF,.ai,.AI,.png,.PNG,.jpg,.JPG,.jpeg,.JPEG,.jp2,.JP2,.jpf,.JPF,.bmp,.BMP
,.ps,.PS,.eps,.EPS,.mps,.MPS
Try typing  <return>  to proceed.
If that doesn't work, type  X <return>  to quit.


! LaTeX Error: File `figures/c4/3-component-python' not found.

See the LaTeX manual or LaTeX Companion for explanation.
Type  H <return>  for immediate help.
 ...                                              
                                                  
l.141 ...linewidth]{figures/c4/3-component-python}
                                                  
I could not locate the file with any of these extensions:
.pdf,.PDF,.ai,.AI,.png,.PNG,.jpg,.JPG,.jpeg,.JPEG,.jp2,.JP2,.jpf,.JPF,.bmp,.BMP
,.ps,.PS,.eps,.EPS,.mps,.MPS
Try typing  <return>  to proceed.
If that doesn't work, type  X <return>  to quit.


LaTeX Warning: `h' float specifier changed to `ht'.


Package hyperref Warning: Suppressing empty link on input line 174.

) (./chapters/03-data-flow.tex

! Undefined control sequence.
\MakeTextLowercase  ...oexpand ##1}}\@uclcnotmath 
                                                  {\lowercase }{\def \NoCase...
l.1 \chapter
            {Data Flow}
The control sequence at the end of the top line
of your error message was never \def'ed. If you have
misspelled it (e.g., `\hobx'), type `I' and the correct
spelling (e.g., `I\hbox'). Otherwise just continue,
and I'll forget about whatever was undefined.

! Missing { inserted.
<to be read again> 
                   }
l.1 \chapter
            {Data Flow}
A left brace was mandatory here, so I've put one in.
You might want to delete and/or insert some corrections
so that I will find a matching right brace soon.
(If you're confused by all this, try typing `I}' now.)

! Incompatible list can't be unboxed.
\SOUL@analyze ->{\setbox \z@ \vbox {\unvcopy \z@ 
                                                 \unskip \unpenalty \global ...
l.1 \chapter
            {Data Flow}
Sorry, Pandora. (You sneaky devil.)
I refuse to unbox an \hbox in vertical mode or vice versa.
And I can't open any boxes in math mode.

! Missing } inserted.
<inserted text> 
                }
l.1 \chapter
            {Data Flow}
I've inserted something that you may have forgotten.
(See the <inserted text> above.)
With luck, this will get me unwedged. But if you
really didn't forget anything, try typing `2' now; then
my insertion and my current dilemma will both disappear.

[9]

! Undefined control sequence.
\MakeTextLowercase  ...oexpand ##1}}\@uclcnotmath 
                                                  {\lowercase }{\def \NoCase...
l.1 \chapter
            {Data Flow}
The control sequence at the end of the top line
of your error message was never \def'ed. If you have
misspelled it (e.g., `\hobx'), type `I' and the correct
spelling (e.g., `I\hbox'). Otherwise just continue,
and I'll forget about whatever was undefined.

! Missing { inserted.
<to be read again> 
                   }
l.1 \chapter
            {Data Flow}
A left brace was mandatory here, so I've put one in.
You might want to delete and/or insert some corrections
so that I will find a matching right brace soon.
(If you're confused by all this, try typing `I}' now.)

! Incompatible list can't be unboxed.
\SOUL@analyze ->{\setbox \z@ \vbox {\unvcopy \z@ 
                                                 \unskip \unpenalty \global ...
l.1 \chapter
            {Data Flow}
Sorry, Pandora. (You sneaky devil.)
I refuse to unbox an \hbox in vertical mode or vice versa.
And I can't open any boxes in math mode.

! Missing } inserted.
<inserted text> 
                }
l.1 \chapter
            {Data Flow}
I've inserted something that you may have forgotten.
(See the <inserted text> above.)
With luck, this will get me unwedged. But if you
really didn't forget anything, try typing `2' now; then
my insertion and my current dilemma will both disappear.

[10]

! LaTeX Error: File `figures/uml/sequence/demo-import' not found.

See the LaTeX manual or LaTeX Companion for explanation.
Type  H <return>  for immediate help.
 ...                                              
                                                  
l.21 ...xtwidth]{figures/uml/sequence/demo-import}
                                                  
I could not locate the file with any of these extensions:
.pdf,.PDF,.ai,.AI,.png,.PNG,.jpg,.JPG,.jpeg,.JPEG,.jp2,.JP2,.jpf,.JPF,.bmp,.BMP
,.ps,.PS,.eps,.EPS,.mps,.MPS
Try typing  <return>  to proceed.
If that doesn't work, type  X <return>  to quit.

Package microtype Info: Character `ﬆ' is missing
(microtype)             in font `\TU/TeXGyrePagella(0)/m/n/6'.
(microtype)             Ignoring protrusion settings for this character.
Package microtype Info: Character `ﬅ' is missing
(microtype)             in font `\TU/TeXGyrePagella(0)/m/n/6'.
(microtype)             Ignoring protrusion settings for this character.
Package microtype Info: Character `‥' is missing
(microtype)             in font `\TU/TeXGyrePagella(0)/m/n/6'.
(microtype)             Ignoring protrusion settings for this character.
Package microtype Info: Character `‼' is missing
(microtype)             in font `\TU/TeXGyrePagella(0)/m/n/6'.
(microtype)             Ignoring protrusion settings for this character.
Package microtype Info: Character `⁰' is missing
(microtype)             in font `\TU/TeXGyrePagella(0)/m/n/6'.
(microtype)             Ignoring protrusion settings for this character.
Package microtype Info: Character `⁴' is missing
(microtype)             in font `\TU/TeXGyrePagella(0)/m/n/6'.
(microtype)             Ignoring protrusion settings for this character.
Package microtype Info: Character `⁵' is missing
(microtype)             in font `\TU/TeXGyrePagella(0)/m/n/6'.
(microtype)             Ignoring protrusion settings for this character.
Package microtype Info: Character `⁶' is missing
(microtype)             in font `\TU/TeXGyrePagella(0)/m/n/6'.
(microtype)             Ignoring protrusion settings for this character.
Package microtype Info: Character `⁷' is missing
(microtype)             in font `\TU/TeXGyrePagella(0)/m/n/6'.
(microtype)             Ignoring protrusion settings for this character.
Package microtype Info: Character `⁸' is missing
(microtype)             in font `\TU/TeXGyrePagella(0)/m/n/6'.
(microtype)             Ignoring protrusion settings for this character.
Package microtype Info: Character `⁹' is missing
(microtype)             in font `\TU/TeXGyrePagella(0)/m/n/6'.
(microtype)             Ignoring protrusion settings for this character.
Package microtype Info: Character `₀' is missing
(microtype)             in font `\TU/TeXGyrePagella(0)/m/n/6'.
(microtype)             Ignoring protrusion settings for this character.
Package microtype Info: Character `₁' is missing
(microtype)             in font `\TU/TeXGyrePagella(0)/m/n/6'.
(microtype)             Ignoring protrusion settings for this character.
Package microtype Info: Character `₂' is missing
(microtype)             in font `\TU/TeXGyrePagella(0)/m/n/6'.
(microtype)             Ignoring protrusion settings for this character.
Package microtype Info: Character `₃' is missing
(microtype)             in font `\TU/TeXGyrePagella(0)/m/n/6'.
(microtype)             Ignoring protrusion settings for this character.
Package microtype Info: Character `₄' is missing
(microtype)             in font `\TU/TeXGyrePagella(0)/m/n/6'.
(microtype)             Ignoring protrusion settings for this character.
Package microtype Info: Character `₅' is missing
(microtype)             in font `\TU/TeXGyrePagella(0)/m/n/6'.
(microtype)             Ignoring protrusion settings for this character.
Package microtype Info: Character `₆' is missing
(microtype)             in font `\TU/TeXGyrePagella(0)/m/n/6'.
(microtype)             Ignoring protrusion settings for this character.
Package microtype Info: Character `₇' is missing
(microtype)             in font `\TU/TeXGyrePagella(0)/m/n/6'.
(microtype)             Ignoring protrusion settings for this character.
Package microtype Info: Character `₈' is missing
(microtype)             in font `\TU/TeXGyrePagella(0)/m/n/6'.
(microtype)             Ignoring protrusion settings for this character.
Package microtype Info: Character `₉' is missing
(microtype)             in font `\TU/TeXGyrePagella(0)/m/n/6'.
(microtype)             Ignoring protrusion settings for this character.
Package microtype Info: Character `₊' is missing
(microtype)             in font `\TU/TeXGyrePagella(0)/m/n/6'.
(microtype)             Ignoring protrusion settings for this character.
Package microtype Info: Character `₋' is missing
(microtype)             in font `\TU/TeXGyrePagella(0)/m/n/6'.
(microtype)             Ignoring protrusion settings for this character.
Package microtype Info: Character `⁺' is missing
(microtype)             in font `\TU/TeXGyrePagella(0)/m/n/6'.
(microtype)             Ignoring protrusion settings for this character.
Package microtype Info: Character `⁻' is missing
(microtype)             in font `\TU/TeXGyrePagella(0)/m/n/6'.
(microtype)             Ignoring protrusion settings for this character.
LaTeX Font Info:    External font `cmex10' loaded for size
(Font)              <8> on input line 41.
LaTeX Font Info:    External font `cmex10' loaded for size
(Font)              <6> on input line 41.


[11

]
Package microtype Info: Loading generic protrusion settings for font family
(microtype)             `DejaVuSansMono' (encoding: TU).
(microtype)             For optimal results, create family-specific settings.
(microtype)             See the microtype manual for details.
Package microtype Info: Character `ﬆ' is missing
(microtype)             in font `\TU/TeXGyrePagella(0)/m/n/9'.
(microtype)             Ignoring protrusion settings for this character.
Package microtype Info: Character `ﬅ' is missing
(microtype)             in font `\TU/TeXGyrePagella(0)/m/n/9'.
(microtype)             Ignoring protrusion settings for this character.
Package microtype Info: Character `‥' is missing
(microtype)             in font `\TU/TeXGyrePagella(0)/m/n/9'.
(microtype)             Ignoring protrusion settings for this character.
Package microtype Info: Character `‼' is missing
(microtype)             in font `\TU/TeXGyrePagella(0)/m/n/9'.
(microtype)             Ignoring protrusion settings for this character.
Package microtype Info: Character `⁰' is missing
(microtype)             in font `\TU/TeXGyrePagella(0)/m/n/9'.
(microtype)             Ignoring protrusion settings for this character.
Package microtype Info: Character `⁴' is missing
(microtype)             in font `\TU/TeXGyrePagella(0)/m/n/9'.
(microtype)             Ignoring protrusion settings for this character.
Package microtype Info: Character `⁵' is missing
(microtype)             in font `\TU/TeXGyrePagella(0)/m/n/9'.
(microtype)             Ignoring protrusion settings for this character.
Package microtype Info: Character `⁶' is missing
(microtype)             in font `\TU/TeXGyrePagella(0)/m/n/9'.
(microtype)             Ignoring protrusion settings for this character.
Package microtype Info: Character `⁷' is missing
(microtype)             in font `\TU/TeXGyrePagella(0)/m/n/9'.
(microtype)             Ignoring protrusion settings for this character.
Package microtype Info: Character `⁸' is missing
(microtype)             in font `\TU/TeXGyrePagella(0)/m/n/9'.
(microtype)             Ignoring protrusion settings for this character.
Package microtype Info: Character `⁹' is missing
(microtype)             in font `\TU/TeXGyrePagella(0)/m/n/9'.
(microtype)             Ignoring protrusion settings for this character.
Package microtype Info: Character `₀' is missing
(microtype)             in font `\TU/TeXGyrePagella(0)/m/n/9'.
(microtype)             Ignoring protrusion settings for this character.
Package microtype Info: Character `₁' is missing
(microtype)             in font `\TU/TeXGyrePagella(0)/m/n/9'.
(microtype)             Ignoring protrusion settings for this character.
Package microtype Info: Character `₂' is missing
(microtype)             in font `\TU/TeXGyrePagella(0)/m/n/9'.
(microtype)             Ignoring protrusion settings for this character.
Package microtype Info: Character `₃' is missing
(microtype)             in font `\TU/TeXGyrePagella(0)/m/n/9'.
(microtype)             Ignoring protrusion settings for this character.
Package microtype Info: Character `₄' is missing
(microtype)             in font `\TU/TeXGyrePagella(0)/m/n/9'.
(microtype)             Ignoring protrusion settings for this character.
Package microtype Info: Character `₅' is missing
(microtype)             in font `\TU/TeXGyrePagella(0)/m/n/9'.
(microtype)             Ignoring protrusion settings for this character.
Package microtype Info: Character `₆' is missing
(microtype)             in font `\TU/TeXGyrePagella(0)/m/n/9'.
(microtype)             Ignoring protrusion settings for this character.
Package microtype Info: Character `₇' is missing
(microtype)             in font `\TU/TeXGyrePagella(0)/m/n/9'.
(microtype)             Ignoring protrusion settings for this character.
Package microtype Info: Character `₈' is missing
(microtype)             in font `\TU/TeXGyrePagella(0)/m/n/9'.
(microtype)             Ignoring protrusion settings for this character.
Package microtype Info: Character `₉' is missing
(microtype)             in font `\TU/TeXGyrePagella(0)/m/n/9'.
(microtype)             Ignoring protrusion settings for this character.
Package microtype Info: Character `₊' is missing
(microtype)             in font `\TU/TeXGyrePagella(0)/m/n/9'.
(microtype)             Ignoring protrusion settings for this character.
Package microtype Info: Character `₋' is missing
(microtype)             in font `\TU/TeXGyrePagella(0)/m/n/9'.
(microtype)             Ignoring protrusion settings for this character.
Package microtype Info: Character `⁺' is missing
(microtype)             in font `\TU/TeXGyrePagella(0)/m/n/9'.
(microtype)             Ignoring protrusion settings for this character.
Package microtype Info: Character `⁻' is missing
(microtype)             in font `\TU/TeXGyrePagella(0)/m/n/9'.
(microtype)             Ignoring protrusion settings for this character.


! Undefined control sequence.
\MakeTextLowercase  ...oexpand ##1}}\@uclcnotmath 
                                                  {\lowercase }{\def \NoCase...
l.123  
          progress: 50,
The control sequence at the end of the top line
of your error message was never \def'ed. If you have
misspelled it (e.g., `\hobx'), type `I' and the correct
spelling (e.g., `I\hbox'). Otherwise just continue,
and I'll forget about whatever was undefined.

! Missing { inserted.
<to be read again> 
                   }
l.123  
          progress: 50,
A left brace was mandatory here, so I've put one in.
You might want to delete and/or insert some corrections
so that I will find a matching right brace soon.
(If you're confused by all this, try typing `I}' now.)

! Missing } inserted.
<inserted text> 
                }
l.123  
          progress: 50,
I've inserted something that you may have forgotten.
(See the <inserted text> above.)
With luck, this will get me unwedged. But if you
really didn't forget anything, try typing `2' now; then
my insertion and my current dilemma will both disappear.

[12]

! LaTeX Error: File `figures/uml/sequence/playback' not found.

See the LaTeX manual or LaTeX Companion for explanation.
Type  H <return>  for immediate help.
 ...                                              
                                                  
l.132 ...linewidth]{figures/uml/sequence/playback}
                                                  
I could not locate the file with any of these extensions:
.pdf,.PDF,.ai,.AI,.png,.PNG,.jpg,.JPG,.jpeg,.JPEG,.jp2,.JP2,.jpf,.JPF,.bmp,.BMP
,.ps,.PS,.eps,.EPS,.mps,.MPS
Try typing  <return>  to proceed.
If that doesn't work, type  X <return>  to quit.


! LaTeX Error: File `figures/uml/sequence/api-sync' not found.

See the LaTeX manual or LaTeX Companion for explanation.
Type  H <return>  for immediate help.
 ...                                              
                                                  
l.151 ...textwidth]{figures/uml/sequence/api-sync}
                                                  
I could not locate the file with any of these extensions:
.pdf,.PDF,.ai,.AI,.png,.PNG,.jpg,.JPG,.jpeg,.JPEG,.jp2,.JP2,.jpf,.JPF,.bmp,.BMP
,.ps,.PS,.eps,.EPS,.mps,.MPS
Try typing  <return>  to proceed.
If that doesn't work, type  X <return>  to quit.

(/usr/share/texmf-dist/tex/latex/listings/lstlang1.sty
File: lstlang1.sty 2024/09/23 1.10c listings language file
)

! Undefined control sequence.
\MakeTextLowercase  ...oexpand ##1}}\@uclcnotmath 
                                                  {\lowercase }{\def \NoCase...
l.183 JOIN 
           demos d ON pms.demo_id = d.id
The control sequence at the end of the top line
of your error message was never \def'ed. If you have
misspelled it (e.g., `\hobx'), type `I' and the correct
spelling (e.g., `I\hbox'). Otherwise just continue,
and I'll forget about whatever was undefined.

! Missing { inserted.
<to be read again> 
                   }
l.183 JOIN 
           demos d ON pms.demo_id = d.id
A left brace was mandatory here, so I've put one in.
You might want to delete and/or insert some corrections
so that I will find a matching right brace soon.
(If you're confused by all this, try typing `I}' now.)

! Missing } inserted.
<inserted text> 
                }
l.183 JOIN 
           demos d ON pms.demo_id = d.id
I've inserted something that you may have forgotten.
(See the <inserted text> above.)
With luck, this will get me unwedged. But if you
really didn't forget anything, try typing `2' now; then
my insertion and my current dilemma will both disappear.

[13]

LaTeX Warning: Marginpar on page 14 moved.

) (./chapters/04-patterns.tex

! Undefined control sequence.
\MakeTextLowercase  ...oexpand ##1}}\@uclcnotmath 
                                                  {\lowercase }{\def \NoCase...
l.1 \chapter
            {Design Patterns}
The control sequence at the end of the top line
of your error message was never \def'ed. If you have
misspelled it (e.g., `\hobx'), type `I' and the correct
spelling (e.g., `I\hbox'). Otherwise just continue,
and I'll forget about whatever was undefined.

! Missing { inserted.
<to be read again> 
                   }
l.1 \chapter
            {Design Patterns}
A left brace was mandatory here, so I've put one in.
You might want to delete and/or insert some corrections
so that I will find a matching right brace soon.
(If you're confused by all this, try typing `I}' now.)

! Incompatible list can't be unboxed.
\SOUL@analyze ->{\setbox \z@ \vbox {\unvcopy \z@ 
                                                 \unskip \unpenalty \global ...
l.1 \chapter
            {Design Patterns}
Sorry, Pandora. (You sneaky devil.)
I refuse to unbox an \hbox in vertical mode or vice versa.
And I can't open any boxes in math mode.

! Missing } inserted.
<inserted text> 
                }
l.1 \chapter
            {Design Patterns}
I've inserted something that you may have forgotten.
(See the <inserted text> above.)
With luck, this will get me unwedged. But if you
really didn't forget anything, try typing `2' now; then
my insertion and my current dilemma will both disappear.

[14]
Overfull \hbox (20.79842pt too wide) in paragraph at lines 4--5
\TU/TeXGyrePagella(0)/m/sc/10 T h i s c h a p -t e r d e -s c r i b e s \TU/TeX
GyrePagella(0)/m/n/10 the design patterns used throughout OutOf5K,
 []


Underfull \hbox (badness 10000) in paragraph at lines 25--25
\TU/TeXGyrePagella(0)/m/n/8 Table 4: Design patterns used in
 []


Underfull \hbox (badness 1033) in paragraph at lines 29--29
\TU/TeXGyrePagella(0)/m/n/8 The Repository pattern abstracts data
 []


LaTeX Warning: Marginpar on page 15 moved.



[15

]

! Undefined control sequence.
\MakeTextLowercase  ...oexpand ##1}}\@uclcnotmath 
                                                  {\lowercase }{\def \NoCase...
l.123 \begin{lstlisting}[language=Rust]
                                       
The control sequence at the end of the top line
of your error message was never \def'ed. If you have
misspelled it (e.g., `\hobx'), type `I' and the correct
spelling (e.g., `I\hbox'). Otherwise just continue,
and I'll forget about whatever was undefined.

! Missing { inserted.
<to be read again> 
                   }
l.123 \begin{lstlisting}[language=Rust]
                                       
A left brace was mandatory here, so I've put one in.
You might want to delete and/or insert some corrections
so that I will find a matching right brace soon.
(If you're confused by all this, try typing `I}' now.)

! Incompatible list can't be unboxed.
\SOUL@analyze ->{\setbox \z@ \vbox {\unvcopy \z@ 
                                                 \unskip \unpenalty \global ...
l.123 \begin{lstlisting}[language=Rust]
                                       
Sorry, Pandora. (You sneaky devil.)
I refuse to unbox an \hbox in vertical mode or vice versa.
And I can't open any boxes in math mode.

! Missing } inserted.
<inserted text> 
                }
l.123 \begin{lstlisting}[language=Rust]
                                       
I've inserted something that you may have forgotten.
(See the <inserted text> above.)
With luck, this will get me unwedged. But if you
really didn't forget anything, try typing `2' now; then
my insertion and my current dilemma will both disappear.

[16]
Underfull \hbox (badness 1348) in paragraph at lines 135--135
\TU/TeXGyrePagella(0)/m/n/8 out specifying the exact class, useful
 []


LaTeX Warning: Marginpar on page 17 moved.

(/usr/share/texmf-dist/tex/latex/listings/lstlang1.sty
File: lstlang1.sty 2024/09/23 1.10c listings language file
)

! Undefined control sequence.
\MakeTextLowercase  ...oexpand ##1}}\@uclcnotmath 
                                                  {\lowercase }{\def \NoCase...
l.185 \begin{lstlisting}[language=Rust]
                                       
The control sequence at the end of the top line
of your error message was never \def'ed. If you have
misspelled it (e.g., `\hobx'), type `I' and the correct
spelling (e.g., `I\hbox'). Otherwise just continue,
and I'll forget about whatever was undefined.

! Missing { inserted.
<to be read again> 
                   }
l.185 \begin{lstlisting}[language=Rust]
                                       
A left brace was mandatory here, so I've put one in.
You might want to delete and/or insert some corrections
so that I will find a matching right brace soon.
(If you're confused by all this, try typing `I}' now.)

! Incompatible list can't be unboxed.
\SOUL@analyze ->{\setbox \z@ \vbox {\unvcopy \z@ 
                                                 \unskip \unpenalty \global ...
l.185 \begin{lstlisting}[language=Rust]
                                       
Sorry, Pandora. (You sneaky devil.)
I refuse to unbox an \hbox in vertical mode or vice versa.
And I can't open any boxes in math mode.

! Missing } inserted.
<inserted text> 
                }
l.185 \begin{lstlisting}[language=Rust]
                                       
I've inserted something that you may have forgotten.
(See the <inserted text> above.)
With luck, this will get me unwedged. But if you
really didn't forget anything, try typing `2' now; then
my insertion and my current dilemma will both disappear.

[17]

! Undefined control sequence.
\MakeTextLowercase  ...oexpand ##1}}\@uclcnotmath 
                                                  {\lowercase }{\def \NoCase...
l.244 \begin{lstlisting}[language=Rust]
                                       
The control sequence at the end of the top line
of your error message was never \def'ed. If you have
misspelled it (e.g., `\hobx'), type `I' and the correct
spelling (e.g., `I\hbox'). Otherwise just continue,
and I'll forget about whatever was undefined.

! Missing { inserted.
<to be read again> 
                   }
l.244 \begin{lstlisting}[language=Rust]
                                       
A left brace was mandatory here, so I've put one in.
You might want to delete and/or insert some corrections
so that I will find a matching right brace soon.
(If you're confused by all this, try typing `I}' now.)

! Incompatible list can't be unboxed.
\SOUL@analyze ->{\setbox \z@ \vbox {\unvcopy \z@ 
                                                 \unskip \unpenalty \global ...
l.244 \begin{lstlisting}[language=Rust]
                                       
Sorry, Pandora. (You sneaky devil.)
I refuse to unbox an \hbox in vertical mode or vice versa.
And I can't open any boxes in math mode.

! Missing } inserted.
<inserted text> 
                }
l.244 \begin{lstlisting}[language=Rust]
                                       
I've inserted something that you may have forgotten.
(See the <inserted text> above.)
With luck, this will get me unwedged. But if you
really didn't forget anything, try typing `2' now; then
my insertion and my current dilemma will both disappear.

[18]) (./chapters/05-decisions.tex

! Undefined control sequence.
\MakeTextLowercase  ...oexpand ##1}}\@uclcnotmath 
                                                  {\lowercase }{\def \NoCase...
l.1 \chapter
            {Architecture Decisions}
The control sequence at the end of the top line
of your error message was never \def'ed. If you have
misspelled it (e.g., `\hobx'), type `I' and the correct
spelling (e.g., `I\hbox'). Otherwise just continue,
and I'll forget about whatever was undefined.

! Missing { inserted.
<to be read again> 
                   }
l.1 \chapter
            {Architecture Decisions}
A left brace was mandatory here, so I've put one in.
You might want to delete and/or insert some corrections
so that I will find a matching right brace soon.
(If you're confused by all this, try typing `I}' now.)

! Incompatible list can't be unboxed.
\SOUL@analyze ->{\setbox \z@ \vbox {\unvcopy \z@ 
                                                 \unskip \unpenalty \global ...
l.1 \chapter
            {Architecture Decisions}
Sorry, Pandora. (You sneaky devil.)
I refuse to unbox an \hbox in vertical mode or vice versa.
And I can't open any boxes in math mode.

! Missing } inserted.
<inserted text> 
                }
l.1 \chapter
            {Architecture Decisions}
I've inserted something that you may have forgotten.
(See the <inserted text> above.)
With luck, this will get me unwedged. But if you
really didn't forget anything, try typing `2' now; then
my insertion and my current dilemma will both disappear.

[19]

[20

]

[21]

! Undefined control sequence.
\MakeTextLowercase  ...oexpand ##1}}\@uclcnotmath 
                                                  {\lowercase }{\def \NoCase...
l.98 \section{ADR-004: SQLite as Primary Database}
                                                  
The control sequence at the end of the top line
of your error message was never \def'ed. If you have
misspelled it (e.g., `\hobx'), type `I' and the correct
spelling (e.g., `I\hbox'). Otherwise just continue,
and I'll forget about whatever was undefined.

! Missing { inserted.
<to be read again> 
                   }
l.98 \section{ADR-004: SQLite as Primary Database}
                                                  
A left brace was mandatory here, so I've put one in.
You might want to delete and/or insert some corrections
so that I will find a matching right brace soon.
(If you're confused by all this, try typing `I}' now.)

! Incompatible list can't be unboxed.
\SOUL@analyze ->{\setbox \z@ \vbox {\unvcopy \z@ 
                                                 \unskip \unpenalty \global ...
l.98 \section{ADR-004: SQLite as Primary Database}
                                                  
Sorry, Pandora. (You sneaky devil.)
I refuse to unbox an \hbox in vertical mode or vice versa.
And I can't open any boxes in math mode.

! Missing } inserted.
<inserted text> 
                }
l.98 \section{ADR-004: SQLite as Primary Database}
                                                  
I've inserted something that you may have forgotten.
(See the <inserted text> above.)
With luck, this will get me unwedged. But if you
really didn't forget anything, try typing `2' now; then
my insertion and my current dilemma will both disappear.

[22]
Overfull \hbox (2.6945pt too wide) in paragraph at lines 101--102
\TU/TeXGyrePagella(0)/m/n/10 Need persistent storage for demos, events, statist
ics, and settings. Desk-
 []


Overfull \hbox (13.59811pt too wide) in paragraph at lines 126--127
\TU/TeXGyrePagella(0)/m/n/10 Documentation requires architecture and UML diagra
ms that are version-
 []



! Undefined control sequence.
\MakeTextLowercase  ...oexpand ##1}}\@uclcnotmath 
                                                  {\lowercase }{\def \NoCase...
l.144     \item L
                 earning curve for syntax
The control sequence at the end of the top line
of your error message was never \def'ed. If you have
misspelled it (e.g., `\hobx'), type `I' and the correct
spelling (e.g., `I\hbox'). Otherwise just continue,
and I'll forget about whatever was undefined.

! Missing { inserted.
<to be read again> 
                   }
l.144     \item L
                 earning curve for syntax
A left brace was mandatory here, so I've put one in.
You might want to delete and/or insert some corrections
so that I will find a matching right brace soon.
(If you're confused by all this, try typing `I}' now.)

! Incompatible list can't be unboxed.
\SOUL@analyze ->{\setbox \z@ \vbox {\unvcopy \z@ 
                                                 \unskip \unpenalty \global ...
l.144     \item L
                 earning curve for syntax
Sorry, Pandora. (You sneaky devil.)
I refuse to unbox an \hbox in vertical mode or vice versa.
And I can't open any boxes in math mode.

! Missing } inserted.
<inserted text> 
                }
l.144     \item L
                 earning curve for syntax
I've inserted something that you may have forgotten.
(See the <inserted text> above.)
With luck, this will get me unwedged. But if you
really didn't forget anything, try typing `2' now; then
my insertion and my current dilemma will both disappear.

[23]) (./chapters/06-development.tex

! Undefined control sequence.
\MakeTextLowercase  ...oexpand ##1}}\@uclcnotmath 
                                                  {\lowercase }{\def \NoCase...
l.1 \chapter
            {Development}
The control sequence at the end of the top line
of your error message was never \def'ed. If you have
misspelled it (e.g., `\hobx'), type `I' and the correct
spelling (e.g., `I\hbox'). Otherwise just continue,
and I'll forget about whatever was undefined.

! Missing { inserted.
<to be read again> 
                   }
l.1 \chapter
            {Development}
A left brace was mandatory here, so I've put one in.
You might want to delete and/or insert some corrections
so that I will find a matching right brace soon.
(If you're confused by all this, try typing `I}' now.)

! Incompatible list can't be unboxed.
\SOUL@analyze ->{\setbox \z@ \vbox {\unvcopy \z@ 
                                                 \unskip \unpenalty \global ...
l.1 \chapter
            {Development}
Sorry, Pandora. (You sneaky devil.)
I refuse to unbox an \hbox in vertical mode or vice versa.
And I can't open any boxes in math mode.

! Missing } inserted.
<inserted text> 
                }
l.1 \chapter
            {Development}
I've inserted something that you may have forgotten.
(See the <inserted text> above.)
With luck, this will get me unwedged. But if you
really didn't forget anything, try typing `2' now; then
my insertion and my current dilemma will both disappear.

[24]
Underfull \hbox (badness 1354) in paragraph at lines 46--46
\TU/TeXGyrePagella(0)/m/n/8 The codebase is organized into three
 []


LaTeX Warning: Marginpar on page 25 moved.



[25

]

! Undefined control sequence.
\MakeTextLowercase  ...oexpand ##1}}\@uclcnotmath 
                                                  {\lowercase }{\def \NoCase...
l.119 \begin{lstlisting}[language=bash]
                                       
The control sequence at the end of the top line
of your error message was never \def'ed. If you have
misspelled it (e.g., `\hobx'), type `I' and the correct
spelling (e.g., `I\hbox'). Otherwise just continue,
and I'll forget about whatever was undefined.

! Missing { inserted.
<to be read again> 
                   }
l.119 \begin{lstlisting}[language=bash]
                                       
A left brace was mandatory here, so I've put one in.
You might want to delete and/or insert some corrections
so that I will find a matching right brace soon.
(If you're confused by all this, try typing `I}' now.)

! Incompatible list can't be unboxed.
\SOUL@analyze ->{\setbox \z@ \vbox {\unvcopy \z@ 
                                                 \unskip \unpenalty \global ...
l.119 \begin{lstlisting}[language=bash]
                                       
Sorry, Pandora. (You sneaky devil.)
I refuse to unbox an \hbox in vertical mode or vice versa.
And I can't open any boxes in math mode.

! Missing } inserted.
<inserted text> 
                }
l.119 \begin{lstlisting}[language=bash]
                                       
I've inserted something that you may have forgotten.
(See the <inserted text> above.)
With luck, this will get me unwedged. But if you
really didn't forget anything, try typing `2' now; then
my insertion and my current dilemma will both disappear.

[26]

! Undefined control sequence.
\MakeTextLowercase  ...oexpand ##1}}\@uclcnotmath 
                                                  {\lowercase }{\def \NoCase...
l.179     \item M
                 ake changes with tests
The control sequence at the end of the top line
of your error message was never \def'ed. If you have
misspelled it (e.g., `\hobx'), type `I' and the correct
spelling (e.g., `I\hbox'). Otherwise just continue,
and I'll forget about whatever was undefined.

! Missing { inserted.
<to be read again> 
                   }
l.179     \item M
                 ake changes with tests
A left brace was mandatory here, so I've put one in.
You might want to delete and/or insert some corrections
so that I will find a matching right brace soon.
(If you're confused by all this, try typing `I}' now.)

! Incompatible list can't be unboxed.
\SOUL@analyze ->{\setbox \z@ \vbox {\unvcopy \z@ 
                                                 \unskip \unpenalty \global ...
l.179     \item M
                 ake changes with tests
Sorry, Pandora. (You sneaky devil.)
I refuse to unbox an \hbox in vertical mode or vice versa.
And I can't open any boxes in math mode.

! Missing } inserted.
<inserted text> 
                }
l.179     \item M
                 ake changes with tests
I've inserted something that you may have forgotten.
(See the <inserted text> above.)
With luck, this will get me unwedged. But if you
really didn't forget anything, try typing `2' now; then
my insertion and my current dilemma will both disappear.

[27]) (./chapters/appendix-a-schema.tex

! Undefined control sequence.
\MakeTextLowercase  ...oexpand ##1}}\@uclcnotmath 
                                                  {\lowercase }{\def \NoCase...
l.1 \chapter
            {Database Schema}
The control sequence at the end of the top line
of your error message was never \def'ed. If you have
misspelled it (e.g., `\hobx'), type `I' and the correct
spelling (e.g., `I\hbox'). Otherwise just continue,
and I'll forget about whatever was undefined.

! Missing { inserted.
<to be read again> 
                   }
l.1 \chapter
            {Database Schema}
A left brace was mandatory here, so I've put one in.
You might want to delete and/or insert some corrections
so that I will find a matching right brace soon.
(If you're confused by all this, try typing `I}' now.)

! Incompatible list can't be unboxed.
\SOUL@analyze ->{\setbox \z@ \vbox {\unvcopy \z@ 
                                                 \unskip \unpenalty \global ...
l.1 \chapter
            {Database Schema}
Sorry, Pandora. (You sneaky devil.)
I refuse to unbox an \hbox in vertical mode or vice versa.
And I can't open any boxes in math mode.

! Missing } inserted.
<inserted text> 
                }
l.1 \chapter
            {Database Schema}
I've inserted something that you may have forgotten.
(See the <inserted text> above.)
With luck, this will get me unwedged. But if you
really didn't forget anything, try typing `2' now; then
my insertion and my current dilemma will both disappear.

[28]

[29

]

! Undefined control sequence.
\MakeTextLowercase  ...oexpand ##1}}\@uclcnotmath 
                                                  {\lowercase }{\def \NoCase...
l.114  
          rating REAL,
The control sequence at the end of the top line
of your error message was never \def'ed. If you have
misspelled it (e.g., `\hobx'), type `I' and the correct
spelling (e.g., `I\hbox'). Otherwise just continue,
and I'll forget about whatever was undefined.

! Missing { inserted.
<to be read again> 
                   }
l.114  
          rating REAL,
A left brace was mandatory here, so I've put one in.
You might want to delete and/or insert some corrections
so that I will find a matching right brace soon.
(If you're confused by all this, try typing `I}' now.)

! Missing } inserted.
<inserted text> 
                }
l.114  
          rating REAL,
I've inserted something that you may have forgotten.
(See the <inserted text> above.)
With luck, this will get me unwedged. But if you
really didn't forget anything, try typing `2' now; then
my insertion and my current dilemma will both disappear.

[30]

! Undefined control sequence.
\MakeTextLowercase  ...oexpand ##1}}\@uclcnotmath 
                                                  {\lowercase }{\def \NoCase...
l.170 \begin{lstlisting}[language=json]
                                       
The control sequence at the end of the top line
of your error message was never \def'ed. If you have
misspelled it (e.g., `\hobx'), type `I' and the correct
spelling (e.g., `I\hbox'). Otherwise just continue,
and I'll forget about whatever was undefined.

! Missing { inserted.
<to be read again> 
                   }
l.170 \begin{lstlisting}[language=json]
                                       
A left brace was mandatory here, so I've put one in.
You might want to delete and/or insert some corrections
so that I will find a matching right brace soon.
(If you're confused by all this, try typing `I}' now.)

! Incompatible list can't be unboxed.
\SOUL@analyze ->{\setbox \z@ \vbox {\unvcopy \z@ 
                                                 \unskip \unpenalty \global ...
l.170 \begin{lstlisting}[language=json]
                                       
Sorry, Pandora. (You sneaky devil.)
I refuse to unbox an \hbox in vertical mode or vice versa.
And I can't open any boxes in math mode.

! Missing } inserted.
<inserted text> 
                }
l.170 \begin{lstlisting}[language=json]
                                       
I've inserted something that you may have forgotten.
(See the <inserted text> above.)
With luck, this will get me unwedged. But if you
really didn't forget anything, try typing `2' now; then
my insertion and my current dilemma will both disappear.

[31])

Package bibentry Warning: You have used \nobibliography* 
(bibentry)                without a following \bibliography.
(bibentry)                You may not be able to run BibTeX.



! Undefined control sequence.
\MakeTextLowercase  ...oexpand ##1}}\@uclcnotmath 
                                                  {\lowercase }{\def \NoCase...
l.157 \end{document}
                    
The control sequence at the end of the top line
of your error message was never \def'ed. If you have
misspelled it (e.g., `\hobx'), type `I' and the correct
spelling (e.g., `I\hbox'). Otherwise just continue,
and I'll forget about whatever was undefined.

! Missing { inserted.
<to be read again> 
                   }
l.157 \end{document}
                    
A left brace was mandatory here, so I've put one in.
You might want to delete and/or insert some corrections
so that I will find a matching right brace soon.
(If you're confused by all this, try typing `I}' now.)

! Incompatible list can't be unboxed.
\SOUL@analyze ->{\setbox \z@ \vbox {\unvcopy \z@ 
                                                 \unskip \unpenalty \global ...
l.157 \end{document}
                    
Sorry, Pandora. (You sneaky devil.)
I refuse to unbox an \hbox in vertical mode or vice versa.
And I can't open any boxes in math mode.

! Missing } inserted.
<inserted text> 
                }
l.157 \end{document}
                    
I've inserted something that you may have forgotten.
(See the <inserted text> above.)
With luck, this will get me unwedged. But if you
really didn't forget anything, try typing `2' now; then
my insertion and my current dilemma will both disappear.

[32] (./main.aux)
 ***********
LaTeX2e <2024-11-01> patch level 2
L3 programming layer <2025-01-18>
 ***********
Package rerunfilecheck Info: File `main.out' has not changed.
(rerunfilecheck)             Checksum: A7433ABAB5DD57A03C0FA30770A3F6C9;7491.
 ) 
Here is how much of TeX's memory you used:
 19802 strings out of 475848
 379513 string characters out of 5776013
 1410929 words of memory out of 5000000
 42362 multiletter control sequences out of 15000+600000
 561765 words of font info for 98 fonts, out of 8000000 for 9000
 14 hyphenation exceptions out of 8191
 114i,15n,124p,1001b,2096s stack positions out of 10000i,1000n,20000p,200000b,200000s

Output written on main.pdf (32 pages).
